Scheme,Throughput_Mbps
Proposed,560.64
Proposed,522.6
Proposed,512.76
Proposed,517.68
Proposed,551.16
Proposed,495.72
Proposed,519.72
Proposed,527.16
Proposed,513.12
Proposed,518.28
Proposed,532.08
Proposed,504.48
Proposed,495.12
Proposed,533.28
Proposed,530.4
Proposed,521.16
Proposed,529.68
Proposed,569.88
Proposed,561.24
Proposed,579.6
Proposed,494.88
Proposed,514.56
Proposed,491.16
Proposed,564.24
Proposed,540.6
Proposed,550.92
Proposed,567.6
Proposed,555.6
Proposed,512.64
Proposed,494.04
Proposed,481.92
Proposed,543.36
Proposed,576.84
Proposed,590.52
Proposed,544.56
Proposed,531.36
Proposed,539.28
Proposed,541.2
Proposed,549.6
Proposed,513.84
Proposed,524.16
Proposed,575.16
Proposed,507.72
Proposed,540.12
Proposed,510.12
Proposed,538.44
Proposed,571.68
Proposed,581.16
Proposed,469.68
Proposed,554.88
Proposed,512.28
Proposed,519.96
Proposed,575.88
Proposed,549.0
Proposed,498.24
Proposed,596.52
Proposed,494.28
Proposed,524.4
Proposed,585.84
Proposed,546.6
Proposed,553.68
Proposed,518.28
Proposed,511.32
Proposed,537.6
Proposed,533.04
Proposed,517.32
Proposed,530.88
Proposed,605.16
Proposed,501.0
Proposed,524.4
Proposed,587.64
Proposed,524.64
Proposed,480.96
Proposed,542.16
Proposed,562.44
Proposed,518.16
Proposed,499.08
Proposed,519.48
Proposed,576.0
Proposed,559.68
Proposed,552.84
Proposed,578.16
Proposed,564.84
Proposed,541.2
Proposed,574.2
Proposed,530.52
Proposed,497.16
Proposed,544.2
Proposed,501.0
Proposed,504.12
Proposed,515.04
Proposed,513.36
Proposed,517.92
Proposed,588.96
Proposed,558.36
Proposed,533.28
Proposed,534.72
Proposed,449.04
Proposed,500.16
Proposed,594.48
Proposed,545.16
Proposed,555.6
Proposed,572.64
Proposed,564.96
Proposed,602.04
Proposed,547.32
Proposed,560.28
Proposed,534.0
Proposed,564.84
Proposed,602.04
Proposed,567.0
Proposed,554.4
Proposed,585.72
Proposed,526.68
Proposed,597.36
Proposed,563.88
Proposed,604.2
Proposed,573.24
Proposed,584.28
Proposed,566.52
Proposed,549.96
Proposed,495.48
Proposed,557.88
Proposed,556.08
Proposed,523.8
Proposed,551.04
Proposed,532.44
Proposed,567.72
Proposed,550.44
Proposed,564.96
Proposed,607.32
Proposed,537.48
Proposed,584.52
Proposed,525.6
Proposed,575.16
Proposed,563.76
Proposed,534.24
Proposed,565.92
Proposed,541.68
Proposed,543.84
Proposed,554.64
Proposed,541.92
Proposed,540.48
Proposed,566.28
Proposed,577.68
Proposed,562.08
Proposed,563.88
Proposed,545.64
Proposed,537.0
Proposed,588.48
Proposed,511.44
Proposed,567.24
Proposed,564.0
Proposed,605.64
Proposed,561.72
Proposed,537.36
Proposed,588.0
Proposed,567.0
Proposed,569.52
Proposed,586.32
Proposed,562.92
Proposed,558.0
Proposed,567.0
Proposed,528.84
Proposed,588.48
Proposed,562.56
Proposed,548.52
Proposed,564.36
Proposed,609.48
Proposed,560.88
Proposed,529.68
Proposed,526.68
Proposed,550.08
Proposed,578.64
Proposed,629.88
Proposed,568.92
Proposed,507.12
Proposed,558.36
Proposed,608.16
Proposed,533.88
Proposed,533.4
Proposed,579.84
Proposed,586.44
Proposed,528.96
Proposed,574.92
Proposed,559.8
Proposed,582.36
Proposed,548.52
Proposed,575.76
Proposed,601.92
Proposed,615.0
Proposed,585.24
Proposed,622.68
Proposed,579.72
Proposed,571.8
Proposed,561.96
Proposed,572.76
Proposed,552.24
Proposed,583.2
Proposed,589.68
Proposed,651.72
Proposed,529.2
Proposed,535.32
Proposed,594.12
Proposed,594.0
Proposed,606.12
Proposed,591.24
Proposed,605.16
Proposed,586.44
Proposed,593.64
Proposed,598.08
Proposed,593.52
Proposed,647.04
Proposed,542.88
Proposed,541.92
Proposed,615.72
Proposed,622.44
Proposed,594.24
Proposed,603.72
Proposed,581.16
Proposed,531.48
Proposed,562.68
Proposed,585.84
Proposed,596.4
Proposed,568.44
Proposed,569.88
Proposed,603.72
Proposed,567.12
Proposed,590.04
Proposed,606.84
Proposed,615.84
Proposed,550.68
Proposed,637.32
Proposed,581.52
Proposed,621.48
Proposed,587.64
Proposed,603.36
Proposed,586.56
Proposed,564.72
Proposed,610.32
Proposed,583.92
Proposed,572.16
Proposed,602.16
Proposed,547.32
Proposed,584.52
Proposed,600.24
Proposed,660.72
Proposed,590.88
Proposed,634.8
Proposed,641.76
Proposed,611.76
Proposed,597.96
Proposed,593.88
Proposed,585.24
Proposed,577.32
Proposed,619.08
Proposed,544.32
Proposed,582.48
Proposed,604.32
Proposed,605.88
Proposed,594.24
Proposed,599.76
Proposed,599.16
Proposed,595.56
Proposed,589.32
Proposed,588.24
Proposed,600.36
Proposed,590.88
Proposed,587.4
Proposed,615.12
Proposed,612.84
Proposed,596.16
Proposed,559.8
Proposed,628.56
Proposed,575.76
Proposed,631.44
Proposed,602.04
Proposed,632.28
Proposed,562.44
Proposed,616.92
Proposed,589.68
Proposed,618.72
Proposed,582.72
Proposed,598.92
Proposed,591.24
Proposed,618.84
Proposed,566.28
Proposed,620.16
Proposed,606.12
Proposed,571.2
Proposed,622.44
Proposed,577.8
Proposed,626.64
Proposed,601.56
Proposed,641.76
Proposed,582.84
Proposed,595.08
Proposed,608.64
Proposed,629.4
Proposed,593.88
Proposed,566.64
Proposed,564.12
Proposed,523.68
Proposed,519.72
Proposed,582.96
Proposed,589.2
Proposed,577.56
Proposed,568.08
Proposed,580.44
Proposed,609.24
Proposed,575.64
Proposed,566.76
Proposed,512.52
Proposed,576.0
Proposed,544.32
Proposed,548.4
Proposed,538.68
Proposed,583.08
Proposed,553.8
Proposed,569.88
Proposed,584.76
Proposed,585.96
Proposed,568.08
Proposed,554.04
Proposed,633.6
Proposed,559.92
Proposed,559.8
Proposed,520.2
Proposed,601.2
Proposed,581.52
Proposed,580.2
Proposed,602.88
Proposed,553.08
Proposed,654.6
Proposed,607.56
Proposed,537.96
Proposed,582.12
Proposed,615.24
Proposed,556.44
Proposed,620.52
Proposed,599.04
Proposed,504.48
Proposed,547.2
Proposed,549.84
Proposed,569.16
Proposed,552.72
Proposed,553.44
Proposed,580.68
Proposed,615.84
Proposed,597.0
Proposed,545.64
Proposed,555.6
Proposed,553.44
Proposed,579.36
Proposed,555.84
Proposed,542.76
Proposed,529.68
Proposed,573.24
Proposed,552.24
Proposed,585.72
Proposed,569.4
Proposed,605.76
Proposed,574.92
Proposed,580.56
Proposed,518.4
Proposed,532.32
Proposed,618.0
Proposed,566.4
Proposed,529.92
Proposed,571.92
Proposed,624.36
Proposed,616.68
Proposed,621.84
Proposed,616.32
Proposed,594.84
Proposed,631.8
Proposed,615.48
Proposed,588.48
Proposed,584.88
Proposed,570.12
Proposed,562.44
Proposed,582.12
Proposed,591.96
Proposed,568.8
Proposed,548.88
Proposed,567.84
Proposed,596.16
Proposed,564.12
Proposed,561.72
Proposed,523.08
Proposed,564.84
Proposed,577.8
Proposed,611.52
Proposed,568.92
Proposed,583.44
Proposed,571.68
Proposed,618.6
Proposed,541.8
Proposed,536.28
Proposed,578.64
Proposed,623.04
Proposed,580.56
Proposed,562.56
Proposed,554.88
Proposed,573.24
Proposed,598.56
Proposed,570.36
Proposed,564.84
Proposed,525.6
Proposed,618.12
Proposed,587.76
Proposed,576.72
Proposed,571.2
Proposed,581.52
Proposed,592.08
Proposed,587.88
Proposed,579.96
Proposed,523.56
Proposed,611.88
Proposed,564.6
Proposed,578.4
Proposed,549.36
Proposed,629.52
Proposed,548.64
Proposed,614.88
Proposed,554.52
Proposed,566.16
Proposed,611.52
Proposed,569.64
Proposed,575.52
Proposed,596.76
Proposed,564.36
Proposed,538.44
Proposed,532.8
Proposed,563.4
Proposed,579.6
Proposed,594.36
Proposed,588.96
Proposed,588.24
Proposed,552.0
Proposed,585.72
Proposed,573.72
Proposed,540.0
Proposed,584.76
Proposed,592.44
Proposed,627.36
Proposed,538.56
Proposed,585.6
Proposed,530.88
Proposed,552.36
Proposed,547.32
Proposed,567.12
Proposed,576.6
Proposed,568.32
Proposed,555.0
Proposed,578.16
Proposed,558.36
Proposed,532.32
Proposed,589.8
Proposed,588.12
Proposed,595.32
Proposed,562.92
Proposed,609.36
Proposed,602.52
Proposed,573.36
Proposed,561.24
Proposed,615.0
Proposed,593.4
Proposed,573.96
Proposed,560.04
Proposed,540.96
Proposed,562.68
Proposed,556.44
Proposed,562.44
Proposed,595.56
Proposed,588.84
Proposed,546.36
Proposed,620.76
Proposed,613.2
Proposed,561.12
Proposed,525.48
Proposed,657.84
Proposed,528.24
Proposed,607.32
Proposed,545.4
Proposed,576.24
Proposed,601.8
Proposed,601.68
Proposed,564.48
Proposed,584.76
Proposed,504.36
Proposed,597.48
Proposed,556.08
Proposed,584.04
Proposed,556.8
Proposed,581.88
Proposed,566.4
Proposed,583.32
Proposed,598.2
Proposed,650.28
Proposed,549.96
Proposed,537.96
Proposed,537.6
Proposed,532.32
Proposed,461.64
Proposed,540.72
Proposed,537.6
Proposed,531.84
Proposed,515.04
Proposed,524.04
Proposed,515.76
Proposed,461.52
Proposed,518.76
Proposed,479.4
Proposed,529.32
Proposed,541.92
Proposed,489.12
Proposed,501.48
Proposed,498.96
Proposed,577.44
Proposed,521.04
Proposed,523.56
Proposed,560.76
Proposed,495.6
Proposed,507.6
Proposed,503.04
Proposed,558.96
Proposed,525.12
Proposed,546.6
Proposed,484.32
Proposed,558.84
Proposed,542.4
Proposed,540.0
Proposed,552.84
Proposed,527.52
Proposed,515.64
Proposed,500.16
Proposed,513.48
Proposed,535.56
Proposed,506.04
Proposed,510.96
Proposed,557.76
Proposed,529.92
Proposed,501.12
Proposed,548.52
Proposed,529.68
Proposed,521.88
Proposed,543.36
Proposed,536.28
Proposed,490.08
Proposed,522.12
Proposed,501.24
Proposed,487.92
Proposed,543.0
Proposed,540.6
Proposed,510.72
Proposed,521.52
Proposed,535.8
Proposed,547.44
Proposed,513.96
Proposed,545.16
Proposed,486.24
Proposed,522.96
Proposed,546.48
Proposed,492.0
Proposed,524.04
Proposed,524.88
Proposed,536.76
Proposed,547.56
Proposed,543.36
Proposed,496.68
Proposed,536.52
Proposed,546.48
Proposed,564.6
Proposed,516.36
Proposed,584.88
Proposed,534.36
Proposed,538.68
Proposed,550.68
Proposed,529.32
Proposed,498.24
Proposed,532.08
Proposed,551.04
Proposed,544.56
Proposed,524.52
Proposed,511.32
Proposed,503.4
Proposed,530.28
Proposed,599.4
Proposed,541.68
Proposed,536.28
Proposed,480.84
Proposed,504.96
Proposed,550.8
Proposed,535.44
Proposed,571.44
Proposed,520.2
Proposed,499.08
Proposed,569.4
Proposed,552.96
Proposed,613.08
Proposed,657.96
Proposed,598.56
Proposed,579.36
Proposed,578.52
Proposed,579.24
Proposed,545.16
Proposed,597.24
Proposed,552.84
Proposed,608.64
Proposed,599.16
Proposed,551.76
Proposed,569.88
Proposed,544.08
Proposed,562.44
Proposed,587.88
Proposed,573.96
Proposed,583.08
Proposed,590.88
Proposed,596.64
Proposed,610.8
Proposed,509.76
Proposed,540.24
Proposed,581.52
Proposed,610.92
Proposed,577.92
Proposed,548.04
Proposed,568.8
Proposed,614.16
Proposed,609.6
Proposed,577.32
Proposed,590.28
Proposed,575.88
Proposed,622.68
Proposed,615.96
Proposed,580.68
Proposed,564.6
Proposed,560.16
Proposed,619.56
Proposed,595.92
Proposed,600.12
Proposed,528.96
Proposed,599.04
Proposed,589.44
Proposed,587.04
Proposed,601.8
Proposed,560.28
Proposed,634.56
Proposed,614.04
Proposed,573.12
Proposed,570.36
Proposed,550.44
Proposed,568.08
Proposed,625.92
Proposed,582.36
Proposed,561.0
Proposed,538.32
Proposed,537.0
Proposed,612.12
Proposed,513.72
Proposed,607.32
Proposed,546.12
Proposed,563.88
Proposed,611.64
Proposed,581.28
Proposed,533.64
Proposed,587.16
Proposed,623.4
Proposed,570.12
Proposed,573.12
Proposed,545.28
Proposed,602.16
Proposed,608.64
Proposed,554.28
Proposed,592.32
Proposed,591.36
Proposed,654.12
Proposed,575.52
Proposed,579.36
Proposed,543.84
Proposed,578.16
Proposed,655.44
Proposed,586.08
Proposed,574.92
Proposed,576.24
Proposed,583.44
Proposed,612.36
Proposed,585.12
Proposed,525.84
Proposed,595.56
Proposed,633.48
Proposed,595.8
Proposed,556.68
Proposed,552.12
Proposed,568.2
Proposed,645.12
Proposed,649.2
Proposed,542.64
Proposed,569.28
Proposed,564.36
Proposed,563.16
Proposed,592.08
Proposed,555.48
Proposed,533.52
Proposed,544.2
Proposed,554.76
Proposed,564.84
Proposed,547.68
Proposed,542.52
Proposed,594.84
Proposed,570.0
Proposed,563.04
Proposed,576.12
Proposed,569.88
Proposed,602.04
Proposed,561.6
Proposed,545.28
Proposed,539.88
Proposed,562.2
Proposed,574.8
Proposed,546.6
Proposed,546.36
Proposed,522.96
Proposed,581.04
Proposed,564.84
Proposed,556.44
Proposed,553.56
Proposed,588.36
Proposed,554.4
Proposed,551.52
Proposed,504.6
Proposed,574.44
Proposed,550.92
Proposed,580.44
Proposed,604.32
Proposed,571.08
Proposed,554.16
Proposed,610.44
Proposed,521.4
Proposed,556.8
Proposed,576.36
Proposed,527.28
Proposed,603.0
Proposed,567.0
Proposed,544.8
Proposed,562.08
Proposed,534.12
Proposed,571.44
Proposed,566.88
Proposed,555.84
Proposed,546.36
Proposed,526.44
Proposed,555.96
Proposed,549.6
Proposed,549.96
Proposed,485.76
Proposed,541.92
Proposed,579.96
Proposed,572.88
Proposed,563.76
Proposed,620.76
Proposed,531.6
Proposed,576.96
Proposed,562.32
Proposed,543.72
Proposed,573.6
Proposed,580.8
Proposed,572.4
Proposed,589.2
Proposed,544.92
Proposed,588.12
Proposed,572.04
Proposed,556.8
Proposed,607.8
Proposed,543.24
Proposed,550.44
Proposed,576.84
Proposed,504.84
Proposed,490.2
Proposed,572.88
Proposed,539.28
Proposed,573.12
Proposed,568.08
Proposed,571.92
Proposed,529.68
Proposed,560.16
Proposed,576.24
Proposed,560.52
Proposed,518.16
Proposed,554.88
Proposed,567.24
Proposed,578.88
Proposed,495.24
Proposed,526.68
Proposed,545.28
Proposed,581.64
Proposed,565.68
Proposed,529.32
Proposed,536.64
Proposed,556.56
Proposed,534.72
Proposed,592.2
Proposed,543.36
Proposed,554.4
Proposed,546.96
Proposed,561.84
Proposed,525.12
Proposed,509.76
Proposed,567.0
Proposed,556.92
Proposed,520.56
Proposed,556.32
Proposed,578.28
Proposed,513.84
Proposed,523.68
Proposed,585.84
Proposed,552.72
Proposed,500.52
Proposed,458.88
Proposed,546.96
Proposed,581.76
Proposed,542.16
Proposed,520.32
Proposed,552.96
Proposed,527.04
Proposed,515.16
Proposed,575.64
Proposed,511.56
Proposed,508.08
Proposed,568.56
Proposed,538.56
Proposed,562.8
Proposed,562.2
Proposed,534.24
Proposed,516.36
Proposed,577.08
Proposed,572.4
Proposed,520.44
Proposed,592.44
Proposed,570.48
Proposed,521.16
Proposed,530.88
Proposed,529.8
Proposed,525.12
Proposed,546.36
Proposed,540.12
Proposed,544.68
Proposed,585.96
Proposed,544.68
Proposed,537.6
Proposed,536.64
Proposed,552.48
Proposed,545.52
Proposed,557.64
Proposed,522.6
Proposed,556.32
Proposed,565.08
Proposed,570.0
Proposed,519.72
Proposed,563.28
Proposed,545.04
Proposed,580.08
Proposed,525.84
Proposed,540.12
Proposed,580.44
Proposed,564.24
Proposed,533.52
Proposed,579.48
Proposed,550.92
Proposed,488.04
Proposed,537.96
Proposed,551.76
Proposed,482.64
Proposed,537.12
Proposed,529.8
Proposed,546.84
Proposed,583.08
Proposed,546.48
Proposed,562.56
Proposed,520.92
Proposed,588.72
Proposed,525.72
Proposed,583.92
Proposed,558.6
Proposed,498.36
Proposed,520.44
Proposed,561.72
Proposed,534.84
Proposed,571.32
Proposed,521.4
Proposed,559.32
Proposed,502.44
Proposed,612.6
Proposed,509.4
Proposed,499.32
Proposed,531.24
Proposed,536.76
Proposed,577.08
Proposed,503.16
Proposed,524.88
Proposed,537.84
Proposed,537.0
Proposed,535.2
Proposed,592.92
Proposed,578.28
Proposed,582.48
Proposed,615.12
Proposed,565.56
Proposed,583.44
Proposed,534.6
Proposed,570.48
Proposed,596.16
Proposed,583.8
Proposed,541.8
Proposed,564.24
Proposed,588.36
Proposed,564.48
Proposed,543.12
Proposed,537.36
Proposed,565.8
Proposed,567.84
Proposed,527.4
Proposed,540.84
Proposed,562.8
Proposed,587.64
Proposed,485.16
Proposed,559.08
Proposed,604.92
Proposed,518.64
Proposed,574.68
Proposed,575.88
Proposed,537.36
Proposed,552.96
Proposed,540.6
Proposed,584.4
Proposed,593.52
Proposed,548.64
Proposed,557.16
Proposed,579.84
Proposed,541.32
Proposed,554.16
Proposed,564.96
Proposed,571.68
Proposed,583.08
Proposed,522.0
Proposed,593.28
Proposed,568.32
Proposed,579.72
Proposed,561.96
Proposed,516.36
Proposed,574.56
Proposed,578.52
Proposed,584.64
Proposed,536.04
Proposed,567.12
Proposed,576.48
Proposed,462.6
Proposed,576.12
Proposed,590.76
Proposed,538.32
Proposed,517.92
Proposed,527.16
Proposed,548.76
Proposed,587.04
Proposed,574.8
Proposed,508.08
Proposed,599.76
Proposed,626.64
Proposed,557.04
Proposed,551.4
Proposed,616.44
Proposed,610.56
Proposed,554.76
Proposed,557.76
Proposed,546.36
Proposed,513.0
Proposed,594.48
Proposed,584.76
Proposed,539.52
Proposed,566.4
Proposed,615.6
Proposed,574.56
Proposed,562.92
Proposed,588.0
Proposed,544.92
Proposed,542.76
Proposed,540.84
Proposed,561.84
Proposed,578.04
Proposed,552.84
Proposed,586.44
Proposed,556.2
Proposed,579.0
Proposed,612.84
Proposed,557.88
Proposed,566.28
Proposed,564.12
Proposed,600.72
Proposed,552.96
Proposed,574.92
MADRL,424.56
MADRL,510.24
MADRL,528.36
MADRL,550.56
MADRL,521.52
MADRL,503.64
MADRL,532.92
MADRL,542.04
MADRL,538.8
MADRL,520.56
MADRL,607.08
MADRL,553.44
MADRL,592.92
MADRL,524.16
MADRL,517.2
MADRL,567.24
MADRL,537.12
MADRL,578.28
MADRL,565.8
MADRL,576.84
MADRL,542.28
MADRL,571.2
MADRL,490.32
MADRL,582.48
MADRL,525.24
MADRL,568.8
MADRL,542.4
MADRL,568.2
MADRL,514.08
MADRL,556.08
MADRL,488.76
MADRL,559.68
MADRL,568.92
MADRL,536.76
MADRL,516.6
MADRL,517.2
MADRL,573.24
MADRL,575.64
MADRL,541.92
MADRL,526.44
MADRL,547.32
MADRL,562.8
MADRL,591.72
MADRL,606.0
MADRL,548.16
MADRL,543.24
MADRL,548.76
MADRL,535.8
MADRL,572.88
MADRL,545.04
MADRL,548.64
MADRL,486.12
MADRL,599.52
MADRL,555.24
MADRL,530.52
MADRL,555.84
MADRL,525.84
MADRL,570.48
MADRL,496.32
MADRL,600.48
MADRL,537.36
MADRL,518.28
MADRL,578.4
MADRL,533.88
MADRL,527.88
MADRL,534.6
MADRL,605.64
MADRL,565.68
MADRL,522.24
MADRL,560.52
MADRL,546.48
MADRL,569.4
MADRL,572.52
MADRL,445.2
MADRL,490.68
MADRL,594.96
MADRL,558.6
MADRL,547.08
MADRL,530.4
MADRL,524.88
MADRL,600.12
MADRL,563.88
MADRL,531.96
MADRL,554.76
MADRL,598.08
MADRL,538.68
MADRL,539.16
MADRL,494.76
MADRL,592.32
MADRL,516.84
MADRL,564.24
MADRL,554.88
MADRL,554.52
MADRL,532.08
MADRL,556.56
MADRL,497.4
MADRL,535.32
MADRL,592.08
MADRL,555.0
MADRL,566.52
MADRL,423.0
MADRL,520.32
MADRL,509.64
MADRL,547.32
MADRL,536.04
MADRL,539.64
MADRL,485.64
MADRL,493.44
MADRL,590.16
MADRL,554.4
MADRL,490.56
MADRL,532.32
MADRL,549.84
MADRL,531.24
MADRL,515.16
MADRL,547.68
MADRL,562.56
MADRL,553.92
MADRL,525.36
MADRL,493.32
MADRL,474.36
MADRL,569.28
MADRL,546.96
MADRL,509.64
MADRL,564.36
MADRL,531.0
MADRL,567.48
MADRL,528.84
MADRL,567.72
MADRL,495.96
MADRL,534.96
MADRL,543.6
MADRL,493.2
MADRL,524.4
MADRL,505.92
MADRL,542.88
MADRL,521.88
MADRL,534.12
MADRL,497.28
MADRL,498.12
MADRL,526.32
MADRL,517.08
MADRL,522.72
MADRL,482.04
MADRL,526.2
MADRL,543.72
MADRL,536.16
MADRL,543.48
MADRL,535.08
MADRL,498.72
MADRL,495.96
MADRL,483.96
MADRL,514.56
MADRL,507.48
MADRL,574.92
MADRL,527.4
MADRL,519.72
MADRL,521.16
MADRL,526.32
MADRL,540.12
MADRL,526.92
MADRL,552.24
MADRL,468.36
MADRL,469.56
MADRL,495.24
MADRL,540.72
MADRL,532.32
MADRL,545.76
MADRL,555.24
MADRL,525.36
MADRL,527.64
MADRL,527.28
MADRL,529.56
MADRL,486.12
MADRL,491.4
MADRL,491.64
MADRL,491.04
MADRL,532.68
MADRL,526.32
MADRL,561.6
MADRL,551.16
MADRL,509.04
MADRL,487.8
MADRL,511.2
MADRL,513.6
MADRL,476.64
MADRL,565.08
MADRL,552.12
MADRL,564.0
MADRL,542.04
MADRL,519.48
MADRL,519.36
MADRL,504.12
MADRL,496.56
MADRL,542.28
MADRL,529.8
MADRL,541.32
MADRL,556.08
MADRL,508.8
MADRL,500.16
MADRL,394.32
MADRL,496.08
MADRL,558.6
MADRL,506.52
MADRL,515.04
MADRL,503.88
MADRL,501.6
MADRL,509.52
MADRL,471.0
MADRL,490.8
MADRL,488.16
MADRL,447.84
MADRL,452.04
MADRL,493.8
MADRL,424.2
MADRL,446.16
MADRL,471.24
MADRL,476.4
MADRL,522.24
MADRL,519.36
MADRL,483.24
MADRL,442.68
MADRL,567.6
MADRL,521.52
MADRL,521.76
MADRL,507.72
MADRL,481.8
MADRL,513.6
MADRL,505.8
MADRL,483.48
MADRL,478.32
MADRL,475.44
MADRL,476.4
MADRL,471.72
MADRL,515.88
MADRL,504.36
MADRL,481.92
MADRL,491.88
MADRL,538.2
MADRL,503.88
MADRL,484.8
MADRL,498.72
MADRL,485.88
MADRL,470.88
MADRL,489.84
MADRL,508.44
MADRL,531.36
MADRL,447.84
MADRL,491.4
MADRL,517.32
MADRL,461.88
MADRL,480.96
MADRL,475.44
MADRL,540.96
MADRL,450.84
MADRL,528.12
MADRL,513.72
MADRL,560.16
MADRL,519.0
MADRL,460.44
MADRL,519.24
MADRL,501.6
MADRL,500.52
MADRL,510.24
MADRL,495.36
MADRL,485.76
MADRL,485.04
MADRL,446.52
MADRL,476.88
MADRL,453.0
MADRL,514.56
MADRL,540.48
MADRL,468.72
MADRL,499.92
MADRL,480.12
MADRL,527.88
MADRL,529.32
MADRL,471.84
MADRL,519.0
MADRL,523.8
MADRL,495.0
MADRL,537.48
MADRL,488.76
MADRL,520.68
MADRL,478.32
MADRL,488.76
MADRL,514.2
MADRL,507.72
MADRL,501.96
MADRL,512.28
MADRL,517.2
MADRL,451.56
MADRL,500.28
MADRL,499.32
MADRL,530.52
MADRL,507.6
MADRL,508.56
MADRL,538.56
MADRL,485.64
MADRL,527.64
MADRL,409.2
MADRL,566.16
MADRL,535.92
MADRL,590.28
MADRL,549.12
MADRL,520.2
MADRL,550.92
MADRL,583.32
MADRL,543.96
MADRL,614.16
MADRL,556.56
MADRL,520.8
MADRL,593.64
MADRL,552.72
MADRL,539.76
MADRL,560.76
MADRL,573.96
MADRL,565.92
MADRL,509.04
MADRL,577.08
MADRL,592.32
MADRL,558.24
MADRL,568.2
MADRL,571.56
MADRL,526.92
MADRL,562.56
MADRL,564.72
MADRL,572.52
MADRL,628.32
MADRL,509.52
MADRL,574.32
MADRL,580.68
MADRL,547.08
MADRL,518.64
MADRL,593.16
MADRL,561.72
MADRL,564.12
MADRL,552.36
MADRL,551.4
MADRL,560.28
MADRL,609.0
MADRL,579.84
MADRL,545.16
MADRL,556.68
MADRL,604.32
MADRL,573.96
MADRL,543.6
MADRL,575.04
MADRL,583.44
MADRL,565.32
MADRL,501.0
MADRL,591.36
MADRL,526.08
MADRL,538.8
MADRL,547.2
MADRL,504.0
MADRL,555.12
MADRL,519.6
MADRL,555.0
MADRL,611.4
MADRL,593.16
MADRL,585.84
MADRL,532.8
MADRL,565.8
MADRL,498.48
MADRL,467.16
MADRL,577.68
MADRL,552.72
MADRL,588.6
MADRL,582.72
MADRL,594.48
MADRL,561.48
MADRL,559.92
MADRL,586.2
MADRL,583.8
MADRL,524.28
MADRL,540.72
MADRL,571.68
MADRL,553.68
MADRL,596.04
MADRL,603.48
MADRL,562.56
MADRL,570.36
MADRL,629.64
MADRL,561.84
MADRL,536.4
MADRL,563.16
MADRL,542.52
MADRL,620.88
MADRL,515.64
MADRL,543.36
MADRL,526.32
MADRL,589.44
MADRL,562.56
MADRL,564.84
MADRL,559.2
MADRL,528.6
MADRL,602.52
MADRL,563.52
MADRL,581.76
MADRL,427.2
MADRL,560.04
MADRL,541.8
MADRL,552.48
MADRL,549.48
MADRL,511.92
MADRL,574.8
MADRL,588.96
MADRL,572.28
MADRL,557.16
MADRL,566.52
MADRL,548.4
MADRL,581.04
MADRL,618.12
MADRL,521.4
MADRL,508.44
MADRL,574.8
MADRL,527.28
MADRL,561.48
MADRL,564.6
MADRL,586.68
MADRL,559.92
MADRL,544.8
MADRL,577.32
MADRL,587.76
MADRL,545.88
MADRL,557.64
MADRL,565.8
MADRL,545.04
MADRL,580.32
MADRL,540.36
MADRL,501.96
MADRL,594.84
MADRL,538.92
MADRL,474.6
MADRL,552.72
MADRL,560.4
MADRL,536.04
MADRL,565.92
MADRL,532.68
MADRL,549.24
MADRL,560.16
MADRL,537.84
MADRL,533.88
MADRL,592.8
MADRL,520.2
MADRL,548.04
MADRL,561.72
MADRL,540.84
MADRL,496.32
MADRL,562.8
MADRL,560.04
MADRL,592.8
MADRL,547.32
MADRL,548.16
MADRL,583.32
MADRL,491.88
MADRL,558.48
MADRL,583.08
MADRL,540.36
MADRL,510.48
MADRL,575.28
MADRL,526.8
MADRL,545.76
MADRL,527.64
MADRL,571.92
MADRL,588.84
MADRL,584.88
MADRL,542.76
MADRL,554.64
MADRL,550.92
MADRL,563.88
MADRL,591.12
MADRL,572.28
MADRL,572.52
MADRL,537.12
MADRL,543.72
MADRL,477.36
MADRL,540.72
MADRL,557.76
MADRL,489.0
MADRL,563.4
MADRL,577.68
MADRL,531.48
MADRL,530.04
MADRL,513.72
MADRL,555.12
MADRL,578.16
MADRL,539.88
MADRL,578.52
MADRL,557.64
MADRL,584.76
MADRL,588.48
MADRL,529.8
MADRL,622.8
MADRL,551.64
MADRL,597.36
MADRL,572.4
MADRL,543.24
MADRL,556.56
MADRL,460.32
MADRL,566.04
MADRL,525.96
MADRL,450.36
MADRL,533.28
MADRL,488.28
MADRL,540.72
MADRL,569.4
MADRL,569.04
MADRL,554.76
MADRL,525.12
MADRL,546.72
MADRL,525.48
MADRL,539.28
MADRL,516.0
MADRL,561.0
MADRL,536.52
MADRL,480.96
MADRL,518.76
MADRL,499.8
MADRL,546.96
MADRL,529.32
MADRL,552.84
MADRL,516.24
MADRL,545.88
MADRL,519.72
MADRL,538.44
MADRL,562.32
MADRL,499.56
MADRL,467.28
MADRL,520.2
MADRL,517.92
MADRL,567.6
MADRL,545.28
MADRL,558.48
MADRL,536.52
MADRL,514.92
MADRL,533.4
MADRL,525.36
MADRL,523.56
MADRL,561.6
MADRL,488.88
MADRL,488.76
MADRL,507.0
MADRL,531.84
MADRL,552.6
MADRL,527.16
MADRL,542.88
MADRL,573.24
MADRL,539.76
MADRL,539.16
MADRL,520.56
MADRL,568.68
MADRL,546.36
MADRL,552.48
MADRL,497.04
MADRL,564.0
MADRL,526.68
MADRL,482.64
MADRL,519.48
MADRL,501.0
MADRL,513.24
MADRL,537.84
MADRL,537.24
MADRL,498.12
MADRL,549.6
MADRL,497.88
MADRL,495.72
MADRL,570.72
MADRL,531.48
MADRL,513.24
MADRL,585.48
MADRL,509.52
MADRL,521.52
MADRL,540.0
MADRL,560.16
MADRL,509.04
MADRL,565.44
MADRL,491.76
MADRL,498.96
MADRL,477.12
MADRL,483.72
MADRL,473.88
MADRL,542.4
MADRL,514.56
MADRL,477.12
MADRL,504.24
MADRL,510.0
MADRL,487.44
MADRL,539.88
MADRL,495.84
MADRL,494.88
MADRL,493.32
MADRL,543.36
MADRL,548.28
MADRL,545.76
MADRL,558.12
MADRL,522.36
MADRL,508.8
MADRL,494.4
MADRL,398.88
MADRL,431.28
MADRL,493.2
MADRL,487.92
MADRL,473.52
MADRL,524.64
MADRL,461.16
MADRL,481.2
MADRL,436.92
MADRL,455.4
MADRL,496.92
MADRL,452.52
MADRL,477.6
MADRL,450.84
MADRL,492.96
MADRL,516.96
MADRL,483.24
MADRL,473.04
MADRL,481.32
MADRL,504.48
MADRL,465.36
MADRL,473.64
MADRL,481.56
MADRL,438.36
MADRL,429.84
MADRL,423.36
MADRL,474.12
MADRL,493.68
MADRL,478.08
MADRL,522.72
MADRL,447.96
MADRL,481.92
MADRL,454.56
MADRL,495.96
MADRL,454.44
MADRL,492.48
MADRL,498.6
MADRL,481.92
MADRL,468.0
MADRL,494.16
MADRL,515.28
MADRL,481.32
MADRL,497.76
MADRL,439.56
MADRL,482.52
MADRL,468.72
MADRL,508.32
MADRL,441.96
MADRL,445.2
MADRL,505.8
MADRL,444.72
MADRL,456.72
MADRL,448.32
MADRL,445.8
MADRL,499.08
MADRL,455.28
MADRL,471.72
MADRL,513.84
MADRL,507.0
MADRL,474.6
MADRL,522.24
MADRL,512.28
MADRL,455.04
MADRL,472.32
MADRL,441.12
MADRL,498.36
MADRL,465.24
MADRL,458.4
MADRL,504.84
MADRL,541.68
MADRL,487.32
MADRL,501.72
MADRL,497.64
MADRL,490.08
MADRL,485.4
MADRL,499.68
MADRL,442.2
MADRL,512.52
MADRL,497.28
MADRL,557.76
MADRL,496.92
MADRL,527.28
MADRL,496.56
MADRL,471.36
MADRL,544.92
MADRL,541.2
MADRL,458.88
MADRL,495.96
MADRL,487.44
MADRL,448.32
MADRL,495.36
MADRL,486.72
MADRL,478.2
MADRL,486.0
MADRL,461.52
MADRL,505.68
MADRL,470.64
MADRL,462.96
MADRL,425.88
MADRL,462.72
MADRL,446.04
MADRL,524.76
MADRL,541.2
MADRL,498.48
MADRL,503.88
MADRL,546.0
MADRL,511.08
MADRL,507.12
MADRL,519.72
MADRL,503.4
MADRL,452.76
MADRL,489.84
MADRL,493.68
MADRL,426.36
MADRL,557.88
MADRL,574.2
MADRL,491.88
MADRL,537.48
MADRL,527.52
MADRL,493.8
MADRL,492.12
MADRL,517.32
MADRL,533.76
MADRL,553.8
MADRL,473.28
MADRL,476.52
MADRL,517.56
MADRL,536.04
MADRL,531.12
MADRL,540.12
MADRL,502.56
MADRL,537.48
MADRL,503.64
MADRL,505.56
MADRL,529.08
MADRL,513.24
MADRL,546.12
MADRL,527.52
MADRL,561.0
MADRL,486.36
MADRL,472.32
MADRL,531.36
MADRL,529.8
MADRL,494.04
MADRL,568.8
MADRL,520.92
MADRL,495.0
MADRL,534.36
MADRL,486.0
MADRL,526.2
MADRL,516.96
MADRL,489.84
MADRL,550.92
MADRL,495.6
MADRL,483.84
MADRL,572.4
MADRL,492.6
MADRL,485.04
MADRL,578.16
MADRL,546.6
MADRL,547.8
MADRL,470.76
MADRL,493.92
MADRL,489.0
MADRL,503.04
MADRL,514.8
MADRL,517.2
MADRL,497.04
MADRL,577.68
MADRL,506.76
MADRL,515.88
MADRL,532.8
MADRL,520.68
MADRL,525.72
MADRL,515.28
MADRL,515.28
MADRL,518.16
MADRL,567.84
MADRL,482.52
MADRL,513.48
MADRL,472.92
MADRL,479.04
MADRL,501.6
MADRL,517.8
MADRL,508.2
MADRL,473.16
MADRL,556.68
MADRL,485.4
MADRL,491.76
MADRL,513.24
MADRL,529.2
MADRL,523.56
MADRL,519.36
MADRL,551.16
MADRL,553.56
MADRL,473.28
MADRL,513.48
MADRL,493.8
MADRL,558.6
MADRL,525.36
MADRL,446.76
MADRL,516.24
MADRL,527.76
MADRL,538.56
MADRL,585.36
MADRL,550.56
MADRL,542.76
MADRL,537.48
MADRL,543.24
MADRL,539.04
MADRL,566.76
MADRL,576.72
MADRL,558.48
MADRL,525.72
MADRL,571.44
MADRL,519.48
MADRL,505.56
MADRL,560.76
MADRL,581.4
MADRL,509.28
MADRL,523.32
MADRL,603.36
MADRL,529.56
MADRL,531.24
MADRL,554.64
MADRL,559.2
MADRL,560.16
MADRL,555.36
MADRL,556.56
MADRL,528.36
MADRL,547.68
MADRL,533.76
MADRL,470.04
MADRL,518.16
MADRL,544.92
MADRL,572.04
MADRL,536.64
MADRL,531.72
MADRL,521.28
MADRL,518.4
MADRL,503.4
MADRL,513.0
MADRL,573.36
MADRL,486.6
MADRL,525.84
MADRL,568.44
MADRL,495.48
MADRL,524.16
MADRL,503.64
MADRL,554.04
MADRL,574.08
MADRL,536.52
MADRL,505.2
MADRL,504.6
MADRL,567.12
MADRL,500.04
MADRL,564.24
MADRL,568.08
MADRL,540.72
MADRL,561.24
MADRL,557.04
MADRL,593.88
MADRL,511.56
MADRL,535.68
MADRL,514.08
MADRL,546.84
MADRL,524.4
MADRL,554.04
MADRL,572.28
MADRL,537.6
MADRL,512.76
MADRL,559.92
MADRL,548.52
MADRL,535.8
MADRL,500.28
MADRL,578.28
MADRL,488.52
MADRL,569.16
MADRL,540.12
MADRL,550.32
MADRL,563.64
MADRL,514.56
MADRL,447.24
MADRL,597.12
MADRL,517.68
MADRL,576.84
MADRL,540.36
MADRL,572.16
MADRL,546.6
MADRL,527.52
MADRL,538.68
MADRL,547.08
MADRL,560.64
MADRL,580.8
MADRL,540.36
MADRL,477.72
MADRL,507.36
MADRL,507.12
MADRL,581.04
MADRL,550.08
MADRL,460.08
MADRL,564.48
MADRL,484.68
MADRL,562.92
MADRL,538.56
MADRL,526.32
MADRL,550.56
MADRL,541.56
MADRL,594.72
MADRL,574.44
MADRL,537.36
MADRL,568.92
MADRL,525.36
MADRL,519.0
MADRL,526.44
MADRL,527.16
MADRL,504.72
MADRL,546.84
MADRL,531.96
MADRL,589.2
MADRL,544.08
MADRL,505.44
MADRL,570.84
MADRL,557.64
MADRL,569.64
MADRL,518.4
MADRL,587.76
MADRL,512.4
MADRL,532.92
MADRL,530.52
MADRL,497.4
MADRL,568.8
MADRL,533.04
MADRL,535.68
MADRL,590.16
MADRL,591.72
MADRL,579.0
MADRL,548.64
MADRL,564.72
MADRL,548.64
MADRL,528.48
MADRL,535.8
MADRL,516.72
MADRL,567.6
MADRL,547.44
MADRL,555.12
MADRL,575.4
MADRL,536.52
MADRL,606.84
MADRL,546.48
MADRL,522.36
MADRL,613.2
MADRL,495.72
MADRL,495.36
MADRL,480.0
MADRL,521.4
MADRL,525.0
MADRL,551.64
MADRL,532.2
MADRL,535.8
MADRL,472.68
MADRL,569.52
MADRL,567.0
MADRL,552.48
MADRL,542.64
MADRL,592.92
MADRL,557.04
MADRL,533.64
MADRL,575.76
MADRL,574.2
MADRL,516.48
MADRL,595.56
MADRL,518.28
MADRL,543.48
MADRL,531.24
MADRL,597.12
MADRL,565.2
MADRL,567.96
MADRL,542.64
MADRL,533.4
MADRL,583.8
MADRL,537.48
MADRL,474.36
MADRL,551.04
MADRL,489.36
MADRL,560.4
MADRL,517.32
MADRL,495.96
MADRL,578.28
MADRL,571.56
MADRL,480.84
MADRL,599.04
MADRL,537.48
MADRL,564.96
MADRL,531.96
MADRL,553.92
MADRL,554.52
MADRL,559.32
MADRL,541.32
MADRL,558.84
GRLR,591.6
GRLR,683.16
GRLR,637.56
GRLR,621.84
GRLR,605.4
GRLR,603.48
GRLR,684.6
GRLR,639.0
GRLR,630.72
GRLR,593.64
GRLR,593.04
GRLR,625.32
GRLR,617.04
GRLR,580.32
GRLR,651.72
GRLR,620.64
GRLR,585.72
GRLR,591.6
GRLR,609.24
GRLR,612.36
GRLR,692.16
GRLR,641.64
GRLR,638.28
GRLR,605.76
GRLR,558.84
GRLR,614.64
GRLR,618.24
GRLR,617.16
GRLR,643.68
GRLR,623.04
GRLR,576.72
GRLR,643.32
GRLR,593.4
GRLR,659.64
GRLR,564.24
GRLR,650.76
GRLR,649.2
GRLR,626.88
GRLR,621.24
GRLR,655.56
GRLR,627.72
GRLR,611.52
GRLR,583.56
GRLR,662.04
GRLR,624.6
GRLR,597.36
GRLR,640.2
GRLR,662.52
GRLR,634.92
GRLR,622.08
GRLR,646.08
GRLR,643.32
GRLR,599.16
GRLR,620.04
GRLR,639.84
GRLR,648.48
GRLR,620.4
GRLR,619.2
GRLR,593.88
GRLR,631.32
GRLR,645.6
GRLR,638.64
GRLR,618.96
GRLR,579.72
GRLR,594.12
GRLR,615.48
GRLR,614.64
GRLR,621.72
GRLR,666.24
GRLR,660.24
GRLR,553.56
GRLR,619.32
GRLR,621.12
GRLR,585.12
GRLR,587.52
GRLR,647.4
GRLR,606.12
GRLR,641.52
GRLR,622.08
GRLR,615.6
GRLR,619.68
GRLR,626.16
GRLR,664.8
GRLR,643.08
GRLR,574.8
GRLR,601.32
GRLR,610.8
GRLR,607.68
GRLR,611.76
GRLR,615.6
GRLR,667.68
GRLR,615.6
GRLR,638.28
GRLR,626.16
GRLR,637.92
GRLR,649.44
GRLR,646.92
GRLR,654.48
GRLR,603.6
GRLR,667.2
GRLR,483.24
GRLR,473.28
GRLR,462.6
GRLR,506.16
GRLR,502.44
GRLR,503.4
GRLR,485.28
GRLR,479.76
GRLR,517.44
GRLR,474.12
GRLR,542.88
GRLR,494.04
GRLR,514.2
GRLR,436.08
GRLR,463.56
GRLR,446.4
GRLR,469.44
GRLR,486.0
GRLR,486.96
GRLR,495.84
GRLR,504.72
GRLR,458.4
GRLR,560.16
GRLR,483.48
GRLR,457.32
GRLR,499.8
GRLR,460.08
GRLR,432.0
GRLR,462.0
GRLR,525.72
GRLR,501.48
GRLR,477.84
GRLR,482.28
GRLR,509.64
GRLR,485.64
GRLR,494.52
GRLR,493.68
GRLR,476.28
GRLR,450.96
GRLR,477.0
GRLR,481.92
GRLR,530.04
GRLR,498.84
GRLR,475.2
GRLR,516.36
GRLR,508.92
GRLR,498.48
GRLR,482.88
GRLR,486.24
GRLR,498.96
GRLR,430.32
GRLR,441.24
GRLR,517.32
GRLR,453.96
GRLR,472.32
GRLR,488.4
GRLR,462.96
GRLR,517.92
GRLR,468.72
GRLR,494.04
GRLR,476.16
GRLR,489.24
GRLR,516.96
GRLR,478.8
GRLR,464.4
GRLR,454.92
GRLR,481.68
GRLR,471.6
GRLR,514.56
GRLR,468.12
GRLR,464.88
GRLR,463.68
GRLR,454.2
GRLR,457.32
GRLR,490.08
GRLR,414.0
GRLR,455.76
GRLR,493.2
GRLR,497.52
GRLR,560.28
GRLR,493.08
GRLR,497.52
GRLR,498.6
GRLR,444.48
GRLR,486.72
GRLR,482.04
GRLR,473.64
GRLR,468.12
GRLR,489.84
GRLR,482.16
GRLR,466.2
GRLR,463.56
GRLR,511.2
GRLR,520.08
GRLR,476.64
GRLR,468.12
GRLR,516.48
GRLR,513.36
GRLR,435.12
GRLR,464.52
GRLR,542.4
GRLR,565.92
GRLR,563.76
GRLR,596.16
GRLR,579.72
GRLR,594.24
GRLR,615.36
GRLR,524.52
GRLR,577.32
GRLR,552.84
GRLR,559.2
GRLR,584.04
GRLR,561.0
GRLR,591.48
GRLR,584.16
GRLR,613.08
GRLR,586.92
GRLR,548.88
GRLR,578.16
GRLR,574.2
GRLR,591.96
GRLR,568.68
GRLR,584.4
GRLR,621.12
GRLR,553.68
GRLR,593.76
GRLR,588.48
GRLR,576.36
GRLR,537.24
GRLR,561.36
GRLR,555.0
GRLR,553.92
GRLR,556.32
GRLR,589.92
GRLR,585.36
GRLR,607.8
GRLR,560.28
GRLR,599.52
GRLR,574.92
GRLR,579.48
GRLR,598.44
GRLR,571.44
GRLR,609.84
GRLR,602.76
GRLR,577.92
GRLR,611.88
GRLR,556.44
GRLR,550.92
GRLR,541.68
GRLR,580.68
GRLR,575.4
GRLR,547.56
GRLR,558.48
GRLR,606.72
GRLR,612.24
GRLR,560.4
GRLR,575.04
GRLR,594.36
GRLR,555.48
GRLR,595.44
GRLR,559.44
GRLR,624.12
GRLR,582.48
GRLR,612.24
GRLR,611.28
GRLR,568.8
GRLR,531.36
GRLR,546.24
GRLR,573.6
GRLR,585.48
GRLR,525.0
GRLR,617.28
GRLR,556.44
GRLR,605.52
GRLR,586.08
GRLR,555.24
GRLR,562.68
GRLR,605.04
GRLR,584.52
GRLR,562.68
GRLR,513.72
GRLR,617.76
GRLR,586.44
GRLR,601.92
GRLR,576.24
GRLR,596.64
GRLR,534.72
GRLR,592.08
GRLR,593.52
GRLR,567.96
GRLR,541.92
GRLR,529.2
GRLR,596.52
GRLR,576.0
GRLR,605.64
GRLR,576.0
GRLR,626.76
GRLR,555.96
GRLR,545.64
GRLR,589.68
GRLR,577.56
GRLR,561.84
GRLR,545.64
GRLR,548.88
GRLR,530.64
GRLR,614.04
GRLR,576.12
GRLR,561.84
GRLR,563.52
GRLR,574.56
GRLR,504.96
GRLR,575.76
GRLR,567.84
GRLR,578.28
GRLR,558.48
GRLR,546.84
GRLR,562.68
GRLR,556.08
GRLR,529.2
GRLR,567.12
GRLR,595.32
GRLR,546.96
GRLR,553.56
GRLR,587.04
GRLR,527.52
GRLR,574.44
GRLR,524.88
GRLR,528.12
GRLR,545.76
GRLR,579.36
GRLR,590.64
GRLR,551.64
GRLR,531.12
GRLR,477.48
GRLR,584.64
GRLR,555.12
GRLR,540.36
GRLR,522.96
GRLR,522.6
GRLR,534.12
GRLR,532.92
GRLR,575.88
GRLR,552.96
GRLR,612.96
GRLR,573.12
GRLR,589.92
GRLR,587.16
GRLR,600.84
GRLR,573.48
GRLR,495.12
GRLR,536.88
GRLR,576.48
GRLR,556.68
GRLR,573.48
GRLR,564.72
GRLR,525.12
GRLR,587.16
GRLR,609.24
GRLR,569.76
GRLR,543.36
GRLR,613.92
GRLR,580.92
GRLR,586.44
GRLR,578.04
GRLR,474.24
GRLR,588.12
GRLR,580.68
GRLR,542.04
GRLR,540.12
GRLR,570.36
GRLR,578.28
GRLR,542.4
GRLR,527.88
GRLR,555.48
GRLR,546.0
GRLR,504.0
GRLR,579.12
GRLR,549.24
GRLR,520.44
GRLR,566.76
GRLR,522.48
GRLR,553.08
GRLR,566.4
GRLR,575.64
GRLR,579.6
GRLR,564.36
GRLR,548.64
GRLR,560.4
GRLR,544.32
GRLR,525.36
GRLR,586.08
GRLR,573.48
GRLR,561.96
GRLR,600.6
GRLR,569.52
GRLR,538.44
GRLR,583.2
GRLR,585.72
GRLR,531.6
GRLR,508.8
GRLR,506.28
GRLR,519.84
GRLR,551.88
GRLR,514.56
GRLR,562.56
GRLR,583.32
GRLR,537.96
GRLR,571.32
GRLR,543.84
GRLR,594.24
GRLR,506.28
GRLR,561.12
GRLR,615.36
GRLR,536.52
GRLR,533.88
GRLR,571.32
GRLR,537.36
GRLR,540.6
GRLR,579.24
GRLR,570.12
GRLR,585.0
GRLR,548.4
GRLR,569.64
GRLR,580.8
GRLR,555.12
GRLR,588.6
GRLR,551.4
GRLR,600.12
GRLR,615.72
GRLR,561.48
GRLR,581.88
GRLR,537.96
GRLR,523.56
GRLR,544.56
GRLR,532.92
GRLR,542.16
GRLR,472.44
GRLR,594.96
GRLR,561.48
GRLR,593.88
GRLR,574.8
GRLR,549.96
GRLR,596.16
GRLR,481.68
GRLR,553.8
GRLR,548.04
GRLR,601.92
GRLR,588.72
GRLR,627.6
GRLR,528.24
GRLR,539.64
GRLR,601.56
GRLR,550.32
GRLR,522.12
GRLR,556.32
GRLR,538.08
GRLR,551.16
GRLR,519.6
GRLR,553.2
GRLR,452.04
GRLR,554.4
GRLR,537.72
GRLR,576.12
GRLR,532.2
GRLR,523.56
GRLR,561.24
GRLR,574.44
GRLR,532.08
GRLR,554.4
GRLR,548.04
GRLR,516.36
GRLR,538.08
GRLR,555.36
GRLR,550.44
GRLR,545.76
GRLR,571.2
GRLR,598.32
GRLR,506.76
GRLR,508.08
GRLR,585.48
GRLR,616.56
GRLR,542.4
GRLR,595.08
GRLR,530.04
GRLR,579.0
GRLR,545.16
GRLR,539.28
GRLR,523.08
GRLR,564.0
GRLR,578.16
GRLR,556.92
GRLR,618.12
GRLR,600.36
GRLR,599.88
GRLR,551.16
GRLR,585.12
GRLR,574.92
GRLR,521.04
GRLR,519.12
GRLR,533.88
GRLR,534.84
GRLR,572.4
GRLR,545.4
GRLR,578.88
GRLR,539.76
GRLR,558.6
GRLR,581.4
GRLR,569.88
GRLR,526.8
GRLR,516.72
GRLR,528.84
GRLR,534.96
GRLR,548.16
GRLR,574.8
GRLR,544.56
GRLR,561.96
GRLR,532.92
GRLR,538.08
GRLR,538.8
GRLR,515.28
GRLR,563.04
GRLR,521.28
GRLR,546.12
GRLR,602.04
GRLR,557.88
GRLR,531.0
GRLR,564.72
GRLR,547.92
GRLR,600.6
GRLR,501.72
GRLR,566.76
GRLR,479.88
GRLR,501.36
GRLR,564.6
GRLR,526.2
GRLR,514.56
GRLR,611.28
GRLR,533.52
GRLR,541.92
GRLR,501.96
GRLR,559.2
GRLR,576.12
GRLR,545.28
GRLR,567.96
GRLR,531.24
GRLR,561.48
GRLR,527.64
GRLR,562.8
GRLR,571.68
GRLR,523.8
GRLR,562.56
GRLR,526.08
GRLR,527.4
GRLR,559.68
GRLR,558.36
GRLR,542.28
GRLR,524.16
GRLR,539.16
GRLR,520.2
GRLR,578.4
GRLR,536.88
GRLR,551.28
GRLR,612.12
GRLR,608.04
GRLR,517.08
GRLR,547.56
GRLR,541.68
GRLR,586.56
GRLR,492.0
GRLR,543.84
GRLR,522.84
GRLR,540.12
GRLR,535.08
GRLR,479.88
GRLR,520.32
GRLR,543.0
GRLR,541.68
GRLR,508.68
GRLR,623.88
GRLR,522.96
GRLR,565.8
GRLR,563.64
GRLR,553.08
GRLR,529.68
GRLR,541.44
GRLR,563.16
GRLR,555.48
GRLR,513.6
GRLR,556.92
GRLR,578.04
GRLR,560.04
GRLR,517.2
GRLR,545.88
GRLR,549.84
GRLR,552.0
GRLR,550.44
GRLR,514.44
GRLR,525.72
GRLR,593.4
GRLR,555.6
GRLR,577.08
GRLR,586.2
GRLR,629.4
GRLR,564.72
GRLR,533.4
GRLR,587.04
GRLR,550.44
GRLR,611.04
GRLR,582.24
GRLR,553.32
GRLR,529.32
GRLR,591.96
GRLR,576.84
GRLR,609.12
GRLR,553.68
GRLR,616.08
GRLR,551.04
GRLR,579.36
GRLR,551.4
GRLR,606.48
GRLR,579.24
GRLR,540.36
GRLR,572.28
GRLR,543.84
GRLR,573.24
GRLR,590.04
GRLR,579.72
GRLR,588.48
GRLR,610.44
GRLR,553.32
GRLR,546.48
GRLR,522.84
GRLR,576.48
GRLR,617.4
GRLR,520.32
GRLR,558.36
GRLR,539.4
GRLR,576.0
GRLR,580.68
GRLR,563.52
GRLR,553.08
GRLR,557.28
GRLR,547.68
GRLR,554.28
GRLR,623.88
GRLR,543.24
GRLR,537.0
GRLR,593.88
GRLR,521.16
GRLR,577.2
GRLR,592.56
GRLR,538.2
GRLR,601.56
GRLR,583.32
GRLR,558.6
GRLR,593.88
GRLR,590.04
GRLR,581.88
GRLR,568.2
GRLR,558.48
GRLR,533.28
GRLR,547.56
GRLR,582.48
GRLR,549.84
GRLR,586.68
GRLR,605.04
GRLR,538.8
GRLR,585.24
GRLR,502.8
GRLR,548.88
GRLR,531.0
GRLR,543.12
GRLR,556.32
GRLR,538.08
GRLR,574.8
GRLR,571.2
GRLR,539.88
GRLR,563.04
GRLR,578.04
GRLR,531.12
GRLR,561.0
GRLR,575.64
GRLR,608.76
GRLR,579.48
GRLR,588.48
GRLR,597.0
GRLR,589.2
GRLR,545.88
GRLR,558.24
GRLR,560.16
GRLR,552.0
GRLR,541.8
GRLR,586.56
GRLR,566.04
GRLR,598.8
GRLR,589.8
GRLR,602.28
GRLR,537.72
GRLR,551.16
GRLR,528.0
GRLR,480.72
GRLR,536.4
GRLR,544.68
GRLR,485.52
GRLR,502.56
GRLR,482.16
GRLR,494.04
GRLR,515.76
GRLR,519.12
GRLR,507.36
GRLR,540.24
GRLR,515.76
GRLR,511.2
GRLR,502.32
GRLR,497.28
GRLR,543.48
GRLR,527.52
GRLR,502.8
GRLR,539.76
GRLR,529.44
GRLR,510.96
GRLR,468.84
GRLR,539.16
GRLR,549.84
GRLR,518.64
GRLR,501.72
GRLR,460.56
GRLR,508.8
GRLR,520.2
GRLR,532.68
GRLR,515.64
GRLR,529.2
GRLR,538.44
GRLR,517.08
GRLR,501.72
GRLR,516.24
GRLR,529.92
GRLR,529.32
GRLR,530.64
GRLR,498.6
GRLR,531.84
GRLR,482.28
GRLR,471.84
GRLR,514.68
GRLR,500.64
GRLR,559.68
GRLR,493.2
GRLR,505.44
GRLR,477.6
GRLR,540.72
GRLR,495.72
GRLR,522.84
GRLR,494.76
GRLR,541.08
GRLR,504.84
GRLR,492.36
GRLR,495.48
GRLR,490.68
GRLR,515.64
GRLR,486.24
GRLR,513.84
GRLR,523.32
GRLR,486.24
GRLR,525.6
GRLR,508.08
GRLR,549.36
GRLR,543.72
GRLR,533.28
GRLR,531.84
GRLR,488.4
GRLR,454.32
GRLR,537.72
GRLR,526.32
GRLR,502.56
GRLR,507.12
GRLR,511.56
GRLR,492.24
GRLR,496.08
GRLR,572.04
GRLR,498.96
GRLR,511.44
GRLR,555.96
GRLR,520.56
GRLR,533.52
GRLR,505.2
GRLR,548.76
GRLR,490.68
GRLR,518.04
GRLR,550.92
GRLR,514.44
GRLR,500.64
GRLR,474.48
GRLR,476.64
GRLR,513.36
GRLR,499.56
GRLR,512.4
GRLR,465.12
GRLR,520.44
GRLR,504.96
GRLR,487.56
GRLR,540.96
GRLR,533.88
GRLR,577.68
GRLR,585.72
GRLR,567.36
GRLR,598.2
GRLR,554.52
GRLR,542.4
GRLR,536.16
GRLR,567.6
GRLR,558.72
GRLR,570.0
GRLR,573.48
GRLR,582.6
GRLR,560.52
GRLR,548.64
GRLR,563.28
GRLR,553.68
GRLR,549.12
GRLR,552.96
GRLR,589.2
GRLR,614.88
GRLR,551.52
GRLR,545.52
GRLR,552.0
GRLR,504.0
GRLR,532.08
GRLR,533.16
GRLR,538.2
GRLR,548.04
GRLR,551.76
GRLR,535.92
GRLR,589.92
GRLR,537.36
GRLR,537.72
GRLR,611.76
GRLR,563.16
GRLR,557.28
GRLR,552.6
GRLR,516.6
GRLR,571.2
GRLR,494.28
GRLR,565.08
GRLR,551.52
GRLR,517.08
GRLR,567.24
GRLR,559.8
GRLR,592.2
GRLR,578.76
GRLR,518.76
GRLR,590.4
GRLR,515.76
GRLR,543.84
GRLR,556.68
GRLR,557.4
GRLR,561.12
GRLR,511.8
GRLR,522.72
GRLR,579.84
GRLR,517.56
GRLR,569.88
GRLR,539.28
GRLR,543.72
GRLR,539.16
GRLR,543.72
GRLR,586.92
GRLR,553.92
GRLR,602.16
GRLR,555.6
GRLR,518.4
GRLR,502.68
GRLR,593.28
GRLR,567.12
GRLR,576.24
GRLR,549.48
GRLR,568.2
GRLR,547.92
GRLR,552.96
GRLR,541.8
GRLR,530.88
GRLR,537.6
GRLR,497.28
GRLR,577.2
GRLR,549.84
GRLR,517.32
GRLR,552.96
GRLR,543.72
GRLR,549.24
GRLR,594.96
GRLR,538.2
GRLR,594.84
GRLR,549.72
GRLR,545.52
GRLR,559.2
GRLR,555.96
GRLR,573.48
GRLR,588.6
GRLR,504.12
GRLR,561.0
GRLR,525.96
GRLR,521.16
GRLR,584.28
GRLR,542.88
GRLR,593.88
GRLR,599.88
GRLR,480.6
GRLR,632.16
GRLR,659.16
GRLR,564.72
GRLR,597.24
GRLR,589.08
GRLR,570.24
GRLR,575.28
GRLR,566.4
GRLR,583.08
GRLR,598.44
GRLR,603.96
GRLR,566.88
GRLR,664.8
GRLR,576.12
GRLR,606.84
GRLR,577.8
GRLR,545.4
GRLR,575.64
GRLR,664.92
GRLR,607.56
GRLR,598.32
GRLR,601.32
GRLR,541.8
GRLR,572.16
GRLR,602.28
GRLR,576.36
GRLR,627.6
GRLR,589.32
GRLR,565.8
GRLR,560.64
GRLR,560.52
GRLR,573.24
GRLR,603.0
GRLR,566.4
GRLR,598.68
GRLR,582.84
GRLR,610.8
GRLR,554.16
GRLR,597.36
GRLR,591.96
GRLR,592.92
GRLR,556.08
GRLR,569.64
GRLR,581.4
GRLR,584.88
GRLR,626.88
GRLR,525.84
GRLR,534.36
GRLR,604.8
GRLR,579.36
GRLR,604.32
GRLR,526.68
GRLR,556.2
GRLR,564.96
GRLR,543.36
GRLR,580.08
GRLR,626.28
GRLR,591.72
GRLR,539.52
GRLR,557.16
GRLR,561.36
GRLR,585.24
GRLR,560.28
GRLR,561.12
GRLR,566.04
GRLR,586.32
GRLR,507.6
GRLR,588.36
GRLR,585.12
GRLR,570.36
GRLR,585.12
GRLR,594.24
GRLR,532.92
GRLR,576.96
GRLR,602.16
GRLR,588.24
GRLR,584.16
GRLR,512.76
GRLR,532.56
GRLR,559.2
GRLR,576.0
GRLR,602.52
GRLR,618.96
GRLR,553.68
GRLR,562.44
GRLR,543.48
GRLR,548.52
GRLR,630.84
GRLR,555.6
GRLR,597.96
GRLR,525.84
GRLR,592.44
GRLR,572.4
GRLR,554.04
STSD,223.08
STSD,245.28
STSD,355.2
STSD,329.28
STSD,280.2
STSD,247.08
STSD,255.84
STSD,229.68
STSD,206.64
STSD,277.2
STSD,223.68
STSD,210.72
STSD,221.76
STSD,292.92
STSD,312.36
STSD,305.16
STSD,271.44
STSD,266.88
STSD,223.8
STSD,309.84
STSD,273.72
STSD,294.12
STSD,341.16
STSD,258.6
STSD,292.92
STSD,249.96
STSD,298.44
STSD,289.44
STSD,308.4
STSD,282.6
STSD,309.72
STSD,232.8
STSD,289.8
STSD,255.0
STSD,292.92
STSD,301.44
STSD,237.96
STSD,289.32
STSD,251.16
STSD,273.12
STSD,278.4
STSD,221.76
STSD,251.4
STSD,263.16
STSD,302.04
STSD,255.24
STSD,251.04
STSD,258.72
STSD,240.36
STSD,314.88
STSD,253.56
STSD,282.24
STSD,297.0
STSD,213.36
STSD,288.36
STSD,261.48
STSD,302.28
STSD,277.32
STSD,315.48
STSD,304.56
STSD,288.0
STSD,259.68
STSD,267.84
STSD,217.8
STSD,287.64
STSD,255.36
STSD,267.84
STSD,283.2
STSD,283.56
STSD,290.52
STSD,242.76
STSD,266.4
STSD,283.32
STSD,284.04
STSD,314.64
STSD,306.36
STSD,280.32
STSD,290.76
STSD,319.08
STSD,243.72
STSD,223.92
STSD,264.96
STSD,300.6
STSD,289.2
STSD,282.36
STSD,303.36
STSD,268.44
STSD,236.76
STSD,332.28
STSD,213.36
STSD,225.84
STSD,292.56
STSD,272.16
STSD,260.88
STSD,240.96
STSD,276.36
STSD,281.04
STSD,278.04
STSD,266.88
STSD,351.72
STSD,148.44
STSD,269.16
STSD,258.96
STSD,237.36
STSD,265.32
STSD,262.08
STSD,258.48
STSD,285.24
STSD,244.56
STSD,258.6
STSD,271.56
STSD,240.6
STSD,287.52
STSD,280.2
STSD,293.52
STSD,205.68
STSD,234.6
STSD,227.52
STSD,298.2
STSD,239.88
STSD,289.44
STSD,220.56
STSD,277.56
STSD,336.0
STSD,321.48
STSD,273.48
STSD,255.12
STSD,250.92
STSD,311.88
STSD,241.2
STSD,244.56
STSD,255.36
STSD,260.04
STSD,275.76
STSD,324.24
STSD,220.8
STSD,310.8
STSD,297.48
STSD,259.32
STSD,239.28
STSD,282.36
STSD,283.68
STSD,251.16
STSD,320.64
STSD,232.44
STSD,318.36
STSD,285.96
STSD,237.0
STSD,234.72
STSD,322.92
STSD,268.32
STSD,248.64
STSD,249.84
STSD,223.44
STSD,340.44
STSD,269.4
STSD,320.64
STSD,238.56
STSD,251.04
STSD,281.64
STSD,253.32
STSD,257.76
STSD,249.48
STSD,286.92
STSD,286.68
STSD,247.8
STSD,341.04
STSD,304.56
STSD,233.4
STSD,239.52
STSD,294.72
STSD,230.64
STSD,228.84
STSD,266.4
STSD,246.12
STSD,246.72
STSD,288.24
STSD,253.8
STSD,219.72
STSD,245.28
STSD,333.6
STSD,250.44
STSD,269.4
STSD,343.92
STSD,294.24
STSD,278.04
STSD,293.4
STSD,249.36
STSD,254.76
STSD,296.88
STSD,235.92
STSD,282.72
STSD,260.16
STSD,301.8
STSD,283.56
STSD,254.04
STSD,253.2
STSD,306.48
STSD,261.48
STSD,261.96
STSD,268.08
STSD,279.24
STSD,253.8
STSD,256.8
STSD,279.48
STSD,263.76
STSD,241.08
STSD,274.92
STSD,260.04
STSD,281.88
STSD,247.92
STSD,303.72
STSD,238.68
STSD,300.24
STSD,257.28
STSD,303.84
STSD,276.6
STSD,305.28
STSD,271.68
STSD,314.16
STSD,247.44
STSD,261.24
STSD,272.52
STSD,270.12
STSD,203.52
STSD,275.64
STSD,241.08
STSD,331.08
STSD,264.96
STSD,278.4
STSD,331.68
STSD,321.96
STSD,231.84
STSD,304.44
STSD,308.52
STSD,267.12
STSD,298.2
STSD,253.56
STSD,230.4
STSD,288.96
STSD,186.0
STSD,318.36
STSD,319.56
STSD,259.8
STSD,331.8
STSD,291.24
STSD,285.24
STSD,292.08
STSD,272.76
STSD,294.48
STSD,323.4
STSD,248.28
STSD,249.84
STSD,269.64
STSD,310.44
STSD,334.92
STSD,247.2
STSD,310.56
STSD,251.76
STSD,262.8
STSD,224.88
STSD,284.88
STSD,198.12
STSD,297.84
STSD,294.72
STSD,294.48
STSD,241.44
STSD,283.8
STSD,273.96
STSD,308.28
STSD,301.56
STSD,273.84
STSD,310.32
STSD,293.88
STSD,298.8
STSD,287.88
STSD,288.96
STSD,271.8
STSD,218.52
STSD,334.8
STSD,310.92
STSD,267.6
STSD,270.12
STSD,255.84
STSD,314.28
STSD,247.32
STSD,292.2
STSD,273.48
STSD,296.4
STSD,290.28
STSD,236.04
STSD,260.16
STSD,320.64
STSD,239.88
STSD,288.84
STSD,273.72
STSD,252.0
STSD,180.36
STSD,278.64
STSD,295.32
STSD,288.12
STSD,293.52
STSD,240.0
STSD,271.2
STSD,349.2
STSD,330.72
STSD,301.56
STSD,262.32
STSD,278.04
STSD,242.64
STSD,310.8
STSD,367.92
STSD,290.52
STSD,315.0
STSD,237.48
STSD,245.16
STSD,293.76
STSD,278.64
STSD,302.28
STSD,324.96
STSD,340.32
STSD,264.36
STSD,286.8
STSD,327.72
STSD,307.92
STSD,308.16
STSD,249.36
STSD,346.92
STSD,247.32
STSD,332.64
STSD,289.56
STSD,251.04
STSD,328.92
STSD,319.56
STSD,267.12
STSD,333.24
STSD,263.28
STSD,316.32
STSD,351.6
STSD,288.24
STSD,258.84
STSD,303.84
STSD,274.92
STSD,281.16
STSD,304.44
STSD,282.84
STSD,293.64
STSD,279.72
STSD,268.44
STSD,279.6
STSD,281.4
STSD,247.08
STSD,240.36
STSD,342.6
STSD,285.0
STSD,303.24
STSD,312.0
STSD,338.04
STSD,286.44
STSD,294.0
STSD,341.04
STSD,297.48
STSD,311.88
STSD,304.44
STSD,316.2
STSD,229.44
STSD,309.96
STSD,294.96
STSD,293.28
STSD,245.28
STSD,299.28
STSD,262.08
STSD,357.12
STSD,288.48
STSD,287.16
STSD,262.2
STSD,278.4
STSD,321.12
STSD,278.52
STSD,302.16
STSD,288.6
STSD,259.68
STSD,298.2
STSD,346.68
STSD,279.72
STSD,297.6
STSD,279.12
STSD,326.16
STSD,271.2
STSD,314.04
STSD,316.08
STSD,288.12
STSD,337.68
STSD,283.92
STSD,327.12
STSD,288.12
STSD,263.16
STSD,279.48
STSD,243.0
STSD,320.28
STSD,198.36
STSD,298.92
STSD,305.52
STSD,308.16
STSD,269.16
STSD,312.84
STSD,275.16
STSD,282.96
STSD,251.04
STSD,284.4
STSD,309.96
STSD,293.04
STSD,301.8
STSD,277.68
STSD,342.72
STSD,283.92
STSD,268.2
STSD,321.72
STSD,272.28
STSD,240.12
STSD,315.6
STSD,316.32
STSD,283.92
STSD,301.44
STSD,299.88
STSD,240.84
STSD,298.56
STSD,288.96
STSD,262.56
STSD,302.64
STSD,283.68
STSD,332.64
STSD,324.96
STSD,302.52
STSD,278.88
STSD,258.6
STSD,293.76
STSD,227.28
STSD,279.72
STSD,274.92
STSD,280.32
STSD,289.44
STSD,312.12
STSD,242.52
STSD,312.24
STSD,334.92
STSD,298.08
STSD,255.72
STSD,305.04
STSD,283.2
STSD,310.44
STSD,295.08
STSD,359.52
STSD,305.76
STSD,287.16
STSD,294.48
STSD,261.12
STSD,275.64
STSD,279.24
STSD,273.96
STSD,288.72
STSD,286.32
STSD,264.0
STSD,277.32
STSD,316.2
STSD,280.32
STSD,263.52
STSD,253.56
STSD,327.12
STSD,305.04
STSD,252.36
STSD,279.36
STSD,246.72
STSD,345.24
STSD,267.24
STSD,244.2
STSD,307.56
STSD,258.24
STSD,311.28
STSD,309.24
STSD,276.48
STSD,282.12
STSD,275.04
STSD,251.76
STSD,283.44
STSD,307.8
STSD,360.72
STSD,323.52
STSD,323.04
STSD,309.72
STSD,307.32
STSD,292.56
STSD,231.24
STSD,327.72
STSD,320.04
STSD,272.4
STSD,283.56
STSD,297.12
STSD,281.76
STSD,258.36
STSD,192.6
STSD,245.04
STSD,302.04
STSD,321.12
STSD,275.28
STSD,259.92
STSD,250.08
STSD,243.36
STSD,267.24
STSD,261.72
STSD,278.04
STSD,233.04
STSD,241.08
STSD,307.08
STSD,220.8
STSD,265.56
STSD,222.6
STSD,284.76
STSD,242.76
STSD,365.52
STSD,249.96
STSD,237.84
STSD,214.32
STSD,287.04
STSD,295.8
STSD,269.04
STSD,325.56
STSD,299.16
STSD,237.48
STSD,212.76
STSD,258.48
STSD,312.48
STSD,254.4
STSD,326.76
STSD,240.12
STSD,242.52
STSD,228.0
STSD,270.0
STSD,207.72
STSD,317.4
STSD,306.12
STSD,241.44
STSD,252.72
STSD,205.8
STSD,270.48
STSD,238.68
STSD,252.72
STSD,272.04
STSD,308.88
STSD,278.4
STSD,312.12
STSD,332.64
STSD,247.44
STSD,216.12
STSD,212.28
STSD,277.92
STSD,237.84
STSD,243.72
STSD,279.84
STSD,253.92
STSD,293.76
STSD,202.2
STSD,292.32
STSD,234.12
STSD,277.32
STSD,237.24
STSD,276.72
STSD,316.56
STSD,285.96
STSD,239.52
STSD,256.92
STSD,257.04
STSD,243.36
STSD,272.04
STSD,279.96
STSD,272.88
STSD,253.8
STSD,260.64
STSD,331.2
STSD,272.88
STSD,295.8
STSD,252.72
STSD,306.36
STSD,242.76
STSD,326.28
STSD,288.48
STSD,253.32
STSD,284.16
STSD,308.16
STSD,297.48
STSD,265.32
STSD,270.48
STSD,293.64
STSD,277.8
STSD,281.64
STSD,250.2
STSD,285.6
STSD,266.88
STSD,262.2
STSD,280.56
STSD,252.12
STSD,339.6
STSD,310.68
STSD,301.32
STSD,327.24
STSD,325.44
STSD,295.08
STSD,275.64
STSD,336.96
STSD,282.6
STSD,281.04
STSD,242.52
STSD,264.96
STSD,250.8
STSD,359.28
STSD,322.8
STSD,320.28
STSD,351.36
STSD,261.6
STSD,287.76
STSD,293.28
STSD,334.68
STSD,328.08
STSD,279.72
STSD,296.64
STSD,313.44
STSD,330.72
STSD,273.6
STSD,316.32
STSD,305.4
STSD,284.28
STSD,340.92
STSD,273.36
STSD,276.48
STSD,344.4
STSD,336.96
STSD,325.68
STSD,260.04
STSD,285.36
STSD,290.64
STSD,311.4
STSD,351.6
STSD,291.96
STSD,322.44
STSD,265.92
STSD,280.32
STSD,273.36
STSD,294.84
STSD,371.16
STSD,279.0
STSD,305.28
STSD,318.0
STSD,332.64
STSD,310.32
STSD,314.88
STSD,290.4
STSD,303.36
STSD,314.52
STSD,279.6
STSD,318.72
STSD,348.24
STSD,312.6
STSD,291.12
STSD,331.44
STSD,255.48
STSD,286.68
STSD,334.8
STSD,282.96
STSD,325.56
STSD,348.36
STSD,267.36
STSD,259.8
STSD,295.56
STSD,284.28
STSD,330.0
STSD,315.48
STSD,247.44
STSD,345.96
STSD,315.96
STSD,292.08
STSD,276.96
STSD,295.2
STSD,323.52
STSD,338.76
STSD,318.6
STSD,314.88
STSD,311.4
STSD,268.92
STSD,366.12
STSD,278.88
STSD,320.16
STSD,315.0
STSD,292.68
STSD,273.84
STSD,295.08
STSD,264.84
STSD,322.32
STSD,291.24
STSD,333.96
STSD,379.32
STSD,231.84
STSD,267.24
STSD,314.04
STSD,250.8
STSD,297.24
STSD,218.52
STSD,301.32
STSD,296.64
STSD,297.84
STSD,291.48
STSD,352.44
STSD,308.28
STSD,273.24
STSD,279.0
STSD,330.12
STSD,307.44
STSD,325.56
STSD,240.12
STSD,288.72
STSD,281.64
STSD,296.4
STSD,304.2
STSD,297.12
STSD,261.48
STSD,266.16
STSD,269.28
STSD,338.16
STSD,290.28
STSD,286.92
STSD,258.6
STSD,311.16
STSD,268.56
STSD,250.68
STSD,304.56
STSD,289.92
STSD,264.36
STSD,313.08
STSD,318.96
STSD,284.64
STSD,272.16
STSD,262.08
STSD,333.24
STSD,327.84
STSD,282.36
STSD,286.32
STSD,267.12
STSD,320.64
STSD,307.68
STSD,257.88
STSD,296.04
STSD,235.2
STSD,315.24
STSD,311.04
STSD,276.72
STSD,270.72
STSD,336.36
STSD,270.96
STSD,313.56
STSD,298.2
STSD,349.68
STSD,224.16
STSD,290.4
STSD,282.84
STSD,265.92
STSD,266.4
STSD,300.36
STSD,261.36
STSD,304.8
STSD,293.52
STSD,290.88
STSD,291.48
STSD,260.16
STSD,304.2
STSD,261.96
STSD,304.08
STSD,285.36
STSD,313.2
STSD,306.0
STSD,311.76
STSD,283.44
STSD,365.52
STSD,312.84
STSD,306.6
STSD,264.6
STSD,250.32
STSD,271.44
STSD,306.96
STSD,326.28
STSD,275.52
STSD,354.12
STSD,270.12
STSD,314.76
STSD,312.36
STSD,280.08
STSD,330.96
STSD,261.36
STSD,288.12
STSD,295.32
STSD,267.0
STSD,268.44
STSD,206.28
STSD,287.88
STSD,271.08
STSD,244.56
STSD,291.96
STSD,316.2
STSD,285.0
STSD,293.52
STSD,263.4
STSD,230.28
STSD,259.8
STSD,257.88
STSD,299.88
STSD,323.52
STSD,237.72
STSD,252.0
STSD,222.0
STSD,303.36
STSD,275.16
STSD,286.92
STSD,229.92
STSD,314.28
STSD,249.72
STSD,263.04
STSD,292.44
STSD,317.76
STSD,333.24
STSD,271.2
STSD,293.4
STSD,289.56
STSD,221.64
STSD,291.36
STSD,286.44
STSD,264.36
STSD,234.72
STSD,271.44
STSD,275.64
STSD,231.12
STSD,224.64
STSD,204.12
STSD,282.24
STSD,244.8
STSD,259.92
STSD,233.76
STSD,261.36
STSD,295.56
STSD,284.16
STSD,245.4
STSD,261.6
STSD,273.48
STSD,269.16
STSD,269.76
STSD,292.44
STSD,249.84
STSD,280.56
STSD,252.96
STSD,265.56
STSD,261.84
STSD,246.36
STSD,256.8
STSD,269.4
STSD,277.92
STSD,269.52
STSD,277.92
STSD,310.56
STSD,243.72
STSD,266.88
STSD,242.04
STSD,280.56
STSD,275.28
STSD,293.76
STSD,249.0
STSD,262.56
STSD,307.68
STSD,263.4
STSD,259.32
STSD,302.28
STSD,307.2
STSD,304.08
STSD,266.88
STSD,203.88
STSD,256.68
STSD,248.16
STSD,265.56
STSD,265.68
STSD,266.64
STSD,285.24
STSD,248.16
STSD,283.32
STSD,300.48
STSD,260.76
STSD,251.76
STSD,247.56
STSD,312.24
STSD,279.84
STSD,282.84
STSD,281.28
STSD,303.36
STSD,266.16
STSD,244.44
STSD,246.72
STSD,249.48
STSD,320.4
STSD,306.96
STSD,261.24
STSD,285.12
STSD,287.04
STSD,309.72
STSD,310.8
STSD,271.08
STSD,298.56
STSD,342.0
STSD,285.0
STSD,262.44
STSD,241.44
STSD,332.64
STSD,301.2
STSD,226.92
STSD,276.48
STSD,314.28
STSD,335.28
STSD,302.04
STSD,254.04
STSD,321.36
STSD,317.76
STSD,346.56
STSD,256.44
STSD,226.32
STSD,308.28
STSD,244.32
STSD,257.16
STSD,255.96
STSD,292.08
STSD,283.56
STSD,263.64
STSD,382.32
STSD,291.48
STSD,312.0
STSD,294.6
STSD,264.24
STSD,266.04
STSD,295.68
STSD,299.52
STSD,262.68
STSD,280.44
STSD,325.56
STSD,328.56
STSD,313.56
STSD,306.12
STSD,315.24
STSD,283.08
STSD,295.68
STSD,198.96
STSD,317.04
STSD,306.6
STSD,329.16
STSD,304.08
STSD,282.0
STSD,355.32
STSD,310.32
STSD,264.36
STSD,323.64
STSD,308.64
STSD,396.12
STSD,240.72
STSD,267.48
STSD,284.64
STSD,245.16
STSD,303.24
STSD,274.92
STSD,303.6
STSD,285.36
STSD,290.52
STSD,287.88
STSD,288.96
STSD,286.56
STSD,229.08
STSD,278.52
STSD,305.64
STSD,298.44
STSD,261.48
STSD,326.28
STSD,303.12
STSD,268.08
STSD,317.4
STSD,328.92
STSD,306.36
STSD,223.08
STSD,280.2
STSD,297.0
STSD,255.12
STSD,253.68
STSD,307.92
STSD,310.68
STSD,327.0
STSD,269.4
STSD,315.6
STSD,274.2
STSD,295.2
STSD,236.4
DLBH,214.44
DLBH,300.24
DLBH,226.2
DLBH,256.32
DLBH,227.28
DLBH,251.4
DLBH,300.24
DLBH,231.0
DLBH,300.0
DLBH,295.68
DLBH,233.64
DLBH,272.04
DLBH,268.32
DLBH,261.72
DLBH,304.8
DLBH,243.84
DLBH,311.88
DLBH,310.08
DLBH,222.84
DLBH,318.0
DLBH,246.0
DLBH,291.6
DLBH,284.88
DLBH,275.52
DLBH,212.64
DLBH,267.12
DLBH,304.32
DLBH,253.08
DLBH,254.88
DLBH,207.24
DLBH,248.64
DLBH,293.04
DLBH,213.6
DLBH,258.24
DLBH,278.4
DLBH,228.6
DLBH,263.28
DLBH,287.64
DLBH,249.0
DLBH,230.04
DLBH,214.68
DLBH,288.6
DLBH,302.64
DLBH,248.76
DLBH,245.52
DLBH,282.12
DLBH,247.56
DLBH,276.24
DLBH,305.04
DLBH,252.96
DLBH,319.68
DLBH,306.72
DLBH,266.04
DLBH,245.04
DLBH,297.36
DLBH,182.28
DLBH,265.32
DLBH,278.28
DLBH,260.16
DLBH,269.4
DLBH,255.72
DLBH,210.12
DLBH,262.2
DLBH,289.92
DLBH,245.04
DLBH,249.12
DLBH,244.92
DLBH,263.52
DLBH,270.24
DLBH,258.0
DLBH,263.04
DLBH,249.72
DLBH,298.08
DLBH,299.88
DLBH,293.04
DLBH,238.32
DLBH,281.04
DLBH,263.52
DLBH,255.96
DLBH,274.68
DLBH,275.16
DLBH,278.76
DLBH,326.52
DLBH,281.4
DLBH,267.6
DLBH,256.68
DLBH,306.48
DLBH,310.2
DLBH,334.08
DLBH,306.24
DLBH,226.2
DLBH,290.04
DLBH,233.04
DLBH,342.84
DLBH,279.48
DLBH,236.16
DLBH,288.48
DLBH,244.44
DLBH,299.4
DLBH,317.88
DLBH,283.08
DLBH,293.16
DLBH,353.64
DLBH,279.72
DLBH,306.96
DLBH,276.84
DLBH,286.2
DLBH,289.2
DLBH,279.6
DLBH,298.32
DLBH,318.84
DLBH,281.88
DLBH,272.76
DLBH,279.96
DLBH,235.44
DLBH,246.36
DLBH,285.72
DLBH,276.48
DLBH,332.28
DLBH,311.16
DLBH,299.88
DLBH,330.84
DLBH,274.08
DLBH,271.32
DLBH,278.28
DLBH,322.44
DLBH,280.32
DLBH,286.56
DLBH,254.64
DLBH,315.84
DLBH,286.56
DLBH,285.96
DLBH,305.52
DLBH,283.68
DLBH,356.52
DLBH,326.4
DLBH,281.52
DLBH,284.04
DLBH,281.04
DLBH,312.6
DLBH,314.64
DLBH,234.72
DLBH,314.76
DLBH,255.0
DLBH,222.84
DLBH,330.84
DLBH,296.52
DLBH,306.96
DLBH,277.44
DLBH,259.08
DLBH,265.68
DLBH,284.4
DLBH,280.8
DLBH,225.48
DLBH,261.96
DLBH,297.6
DLBH,302.04
DLBH,251.4
DLBH,321.24
DLBH,316.32
DLBH,286.92
DLBH,294.24
DLBH,304.68
DLBH,301.8
DLBH,284.04
DLBH,312.48
DLBH,287.88
DLBH,308.76
DLBH,345.96
DLBH,321.12
DLBH,271.8
DLBH,283.92
DLBH,295.92
DLBH,270.84
DLBH,290.64
DLBH,279.24
DLBH,305.4
DLBH,260.4
DLBH,221.16
DLBH,324.0
DLBH,271.32
DLBH,328.68
DLBH,311.64
DLBH,296.88
DLBH,246.36
DLBH,289.32
DLBH,267.12
DLBH,288.36
DLBH,303.12
DLBH,295.92
DLBH,279.96
DLBH,228.24
DLBH,312.72
DLBH,279.6
DLBH,259.08
DLBH,251.28
DLBH,293.88
DLBH,312.84
DLBH,279.36
DLBH,313.2
DLBH,233.76
DLBH,291.72
DLBH,214.92
DLBH,263.88
DLBH,232.32
DLBH,264.24
DLBH,207.0
DLBH,285.72
DLBH,298.68
DLBH,297.96
DLBH,267.36
DLBH,248.52
DLBH,309.6
DLBH,245.88
DLBH,246.48
DLBH,219.0
DLBH,244.68
DLBH,237.12
DLBH,299.28
DLBH,240.12
DLBH,229.56
DLBH,238.92
DLBH,277.44
DLBH,253.08
DLBH,283.44
DLBH,253.92
DLBH,264.12
DLBH,248.76
DLBH,270.12
DLBH,239.64
DLBH,297.84
DLBH,281.04
DLBH,257.04
DLBH,263.04
DLBH,239.64
DLBH,240.84
DLBH,275.4
DLBH,290.4
DLBH,267.6
DLBH,256.8
DLBH,256.44
DLBH,235.2
DLBH,288.0
DLBH,259.08
DLBH,233.76
DLBH,266.16
DLBH,259.2
DLBH,291.0
DLBH,285.12
DLBH,300.12
DLBH,251.04
DLBH,334.92
DLBH,271.8
DLBH,231.24
DLBH,289.8
DLBH,247.56
DLBH,267.24
DLBH,249.72
DLBH,260.64
DLBH,199.68
DLBH,213.48
DLBH,258.0
DLBH,285.24
DLBH,270.6
DLBH,262.08
DLBH,245.28
DLBH,295.08
DLBH,226.44
DLBH,261.24
DLBH,257.28
DLBH,250.32
DLBH,255.0
DLBH,244.2
DLBH,234.48
DLBH,278.88
DLBH,257.88
DLBH,255.0
DLBH,294.48
DLBH,315.6
DLBH,221.52
DLBH,317.16
DLBH,302.88
DLBH,204.84
DLBH,303.84
DLBH,312.0
DLBH,282.24
DLBH,223.44
DLBH,239.28
DLBH,255.84
DLBH,236.76
DLBH,217.32
DLBH,273.36
DLBH,264.12
DLBH,271.44
DLBH,307.8
DLBH,260.16
DLBH,248.52
DLBH,291.36
DLBH,288.12
DLBH,226.2
DLBH,198.24
DLBH,269.16
DLBH,241.2
DLBH,228.24
DLBH,265.68
DLBH,314.76
DLBH,264.0
DLBH,257.04
DLBH,248.16
DLBH,269.76
DLBH,262.2
DLBH,291.72
DLBH,229.92
DLBH,252.6
DLBH,237.0
DLBH,285.96
DLBH,256.44
DLBH,241.8
DLBH,293.4
DLBH,236.76
DLBH,282.48
DLBH,249.84
DLBH,262.68
DLBH,261.24
DLBH,275.28
DLBH,220.92
DLBH,255.12
DLBH,234.6
DLBH,250.92
DLBH,242.04
DLBH,305.76
DLBH,255.84
DLBH,265.92
DLBH,258.12
DLBH,273.84
DLBH,274.44
DLBH,227.76
DLBH,282.24
DLBH,295.08
DLBH,236.52
DLBH,264.0
DLBH,280.08
DLBH,260.28
DLBH,264.6
DLBH,281.76
DLBH,273.12
DLBH,229.08
DLBH,257.16
DLBH,279.96
DLBH,250.32
DLBH,248.88
DLBH,261.84
DLBH,261.24
DLBH,264.72
DLBH,245.28
DLBH,248.88
DLBH,315.6
DLBH,279.96
DLBH,304.68
DLBH,277.8
DLBH,288.6
DLBH,235.68
DLBH,275.04
DLBH,285.12
DLBH,290.4
DLBH,262.68
DLBH,277.32
DLBH,257.04
DLBH,227.16
DLBH,236.76
DLBH,236.04
DLBH,252.6
DLBH,252.48
DLBH,263.88
DLBH,297.0
DLBH,270.0
DLBH,254.88
DLBH,264.24
DLBH,262.92
DLBH,283.44
DLBH,233.04
DLBH,237.0
DLBH,261.96
DLBH,267.96
DLBH,233.64
DLBH,287.76
DLBH,278.52
DLBH,315.84
DLBH,331.8
DLBH,277.32
DLBH,206.4
DLBH,241.92
DLBH,303.24
DLBH,244.92
DLBH,249.0
DLBH,244.92
DLBH,212.88
DLBH,262.56
DLBH,253.92
DLBH,209.16
DLBH,241.2
DLBH,257.64
DLBH,251.88
DLBH,237.72
DLBH,222.48
DLBH,203.4
DLBH,277.68
DLBH,261.24
DLBH,276.12
DLBH,237.24
DLBH,195.6
DLBH,279.84
DLBH,305.4
DLBH,226.32
DLBH,205.68
DLBH,208.68
DLBH,240.0
DLBH,269.28
DLBH,262.8
DLBH,221.28
DLBH,294.48
DLBH,274.32
DLBH,258.48
DLBH,237.84
DLBH,229.2
DLBH,259.44
DLBH,220.56
DLBH,231.0
DLBH,261.12
DLBH,199.2
DLBH,266.52
DLBH,266.76
DLBH,231.72
DLBH,253.8
DLBH,249.24
DLBH,261.72
DLBH,258.6
DLBH,283.44
DLBH,226.2
DLBH,196.8
DLBH,188.16
DLBH,257.04
DLBH,257.4
DLBH,221.4
DLBH,255.12
DLBH,250.44
DLBH,236.64
DLBH,226.56
DLBH,232.8
DLBH,235.44
DLBH,255.72
DLBH,234.0
DLBH,289.8
DLBH,252.12
DLBH,266.52
DLBH,222.84
DLBH,268.56
DLBH,215.52
DLBH,226.08
DLBH,271.32
DLBH,247.08
DLBH,197.4
DLBH,281.76
DLBH,243.48
DLBH,184.2
DLBH,213.84
DLBH,239.88
DLBH,290.64
DLBH,258.96
DLBH,237.6
DLBH,200.64
DLBH,248.88
DLBH,256.68
DLBH,225.72
DLBH,195.6
DLBH,235.68
DLBH,266.76
DLBH,210.72
DLBH,240.48
DLBH,251.88
DLBH,217.2
DLBH,249.6
DLBH,255.48
DLBH,263.4
DLBH,212.52
DLBH,281.16
DLBH,277.2
DLBH,220.08
DLBH,254.76
DLBH,287.4
DLBH,198.36
DLBH,175.56
DLBH,232.08
DLBH,275.88
DLBH,204.0
DLBH,249.12
DLBH,262.68
DLBH,234.48
DLBH,240.24
DLBH,198.12
DLBH,243.12
DLBH,248.52
DLBH,307.68
DLBH,354.6
DLBH,322.56
DLBH,283.32
DLBH,303.48
DLBH,309.36
DLBH,293.16
DLBH,300.72
DLBH,338.28
DLBH,309.84
DLBH,275.64
DLBH,315.72
DLBH,250.56
DLBH,315.0
DLBH,267.72
DLBH,373.56
DLBH,225.96
DLBH,279.96
DLBH,302.64
DLBH,309.84
DLBH,294.36
DLBH,248.28
DLBH,307.32
DLBH,251.28
DLBH,247.44
DLBH,298.2
DLBH,254.64
DLBH,321.6
DLBH,287.4
DLBH,301.8
DLBH,320.64
DLBH,281.64
DLBH,284.04
DLBH,295.56
DLBH,293.16
DLBH,246.72
DLBH,262.68
DLBH,270.12
DLBH,299.88
DLBH,272.4
DLBH,340.56
DLBH,322.44
DLBH,298.56
DLBH,334.56
DLBH,288.48
DLBH,275.76
DLBH,289.2
DLBH,295.44
DLBH,292.68
DLBH,287.88
DLBH,266.4
DLBH,330.6
DLBH,291.36
DLBH,307.8
DLBH,332.16
DLBH,316.32
DLBH,321.48
DLBH,307.32
DLBH,306.24
DLBH,325.32
DLBH,323.88
DLBH,298.92
DLBH,276.36
DLBH,274.68
DLBH,305.28
DLBH,290.52
DLBH,315.24
DLBH,292.92
DLBH,289.44
DLBH,299.76
DLBH,264.24
DLBH,319.2
DLBH,237.72
DLBH,298.92
DLBH,279.6
DLBH,285.36
DLBH,315.0
DLBH,265.08
DLBH,249.72
DLBH,305.64
DLBH,300.6
DLBH,282.72
DLBH,329.04
DLBH,274.44
DLBH,297.0
DLBH,264.96
DLBH,318.48
DLBH,270.96
DLBH,322.8
DLBH,253.08
DLBH,279.84
DLBH,290.16
DLBH,267.72
DLBH,298.44
DLBH,284.88
DLBH,260.04
DLBH,291.96
DLBH,256.44
DLBH,243.6
DLBH,329.4
DLBH,297.84
DLBH,265.8
DLBH,332.76
DLBH,352.92
DLBH,295.2
DLBH,315.72
DLBH,315.36
DLBH,273.6
DLBH,269.28
DLBH,287.16
DLBH,312.6
DLBH,254.76
DLBH,275.28
DLBH,273.36
DLBH,298.44
DLBH,308.88
DLBH,270.96
DLBH,338.04
DLBH,308.76
DLBH,264.84
DLBH,274.92
DLBH,304.32
DLBH,282.72
DLBH,303.72
DLBH,341.4
DLBH,286.8
DLBH,295.68
DLBH,308.28
DLBH,292.2
DLBH,311.88
DLBH,280.92
DLBH,301.92
DLBH,302.16
DLBH,348.12
DLBH,269.4
DLBH,259.44
DLBH,291.84
DLBH,299.52
DLBH,242.4
DLBH,271.44
DLBH,252.12
DLBH,334.56
DLBH,357.12
DLBH,273.0
DLBH,290.04
DLBH,300.72
DLBH,265.68
DLBH,346.32
DLBH,289.56
DLBH,337.8
DLBH,280.08
DLBH,229.08
DLBH,272.28
DLBH,308.4
DLBH,316.08
DLBH,323.64
DLBH,294.24
DLBH,259.08
DLBH,328.2
DLBH,278.64
DLBH,311.4
DLBH,308.88
DLBH,290.28
DLBH,280.92
DLBH,289.08
DLBH,294.36
DLBH,285.6
DLBH,319.44
DLBH,302.28
DLBH,291.12
DLBH,286.8
DLBH,268.68
DLBH,269.16
DLBH,337.44
DLBH,325.44
DLBH,275.16
DLBH,277.92
DLBH,305.64
DLBH,331.56
DLBH,264.24
DLBH,307.68
DLBH,316.44
DLBH,326.64
DLBH,275.76
DLBH,321.96
DLBH,301.92
DLBH,292.44
DLBH,287.28
DLBH,311.16
DLBH,289.8
DLBH,301.92
DLBH,298.56
DLBH,369.96
DLBH,286.08
DLBH,312.72
DLBH,383.64
DLBH,282.6
DLBH,287.04
DLBH,332.28
DLBH,275.88
DLBH,310.68
DLBH,287.52
DLBH,309.6
DLBH,277.68
DLBH,255.48
DLBH,353.64
DLBH,297.72
DLBH,304.92
DLBH,262.92
DLBH,272.52
DLBH,273.0
DLBH,280.92
DLBH,297.48
DLBH,279.96
DLBH,292.56
DLBH,270.96
DLBH,294.96
DLBH,285.72
DLBH,253.2
DLBH,323.76
DLBH,254.88
DLBH,313.2
DLBH,312.84
DLBH,276.96
DLBH,316.68
DLBH,288.6
DLBH,281.52
DLBH,302.64
DLBH,262.92
DLBH,284.4
DLBH,328.8
DLBH,271.2
DLBH,290.52
DLBH,294.72
DLBH,315.12
DLBH,344.28
DLBH,294.96
DLBH,320.88
DLBH,230.64
DLBH,265.8
DLBH,274.68
DLBH,290.4
DLBH,314.88
DLBH,315.48
DLBH,255.12
DLBH,276.24
DLBH,257.52
DLBH,228.36
DLBH,251.76
DLBH,273.48
DLBH,342.12
DLBH,327.12
DLBH,253.68
DLBH,313.8
DLBH,286.92
DLBH,356.16
DLBH,259.44
DLBH,341.16
DLBH,281.52
DLBH,312.6
DLBH,288.0
DLBH,381.84
DLBH,271.32
DLBH,277.2
DLBH,276.72
DLBH,321.48
DLBH,268.44
DLBH,329.52
DLBH,273.72
DLBH,297.96
DLBH,324.48
DLBH,294.12
DLBH,285.72
DLBH,282.36
DLBH,284.16
DLBH,250.8
DLBH,280.8
DLBH,305.64
DLBH,385.92
DLBH,285.0
DLBH,264.12
DLBH,341.04
DLBH,238.44
DLBH,294.36
DLBH,330.12
DLBH,285.24
DLBH,263.52
DLBH,286.68
DLBH,288.96
DLBH,312.96
DLBH,262.68
DLBH,345.48
DLBH,286.2
DLBH,310.68
DLBH,258.0
DLBH,251.52
DLBH,295.92
DLBH,283.8
DLBH,231.72
DLBH,282.48
DLBH,273.84
DLBH,271.68
DLBH,250.44
DLBH,308.04
DLBH,261.12
DLBH,287.04
DLBH,301.32
DLBH,240.36
DLBH,291.36
DLBH,320.28
DLBH,292.08
DLBH,328.68
DLBH,245.52
DLBH,294.36
DLBH,276.12
DLBH,238.68
DLBH,265.08
DLBH,257.52
DLBH,272.16
DLBH,326.88
DLBH,270.6
DLBH,269.16
DLBH,275.64
DLBH,271.44
DLBH,295.08
DLBH,231.84
DLBH,224.64
DLBH,195.72
DLBH,267.36
DLBH,224.04
DLBH,271.8
DLBH,240.84
DLBH,312.6
DLBH,279.48
DLBH,325.2
DLBH,270.0
DLBH,248.28
DLBH,221.52
DLBH,287.64
DLBH,343.68
DLBH,318.96
DLBH,285.84
DLBH,293.4
DLBH,332.28
DLBH,242.16
DLBH,257.76
DLBH,283.2
DLBH,319.92
DLBH,296.04
DLBH,255.6
DLBH,319.68
DLBH,291.36
DLBH,378.6
DLBH,283.08
DLBH,210.12
DLBH,222.6
DLBH,310.56
DLBH,263.28
DLBH,262.68
DLBH,279.12
DLBH,270.0
DLBH,232.2
DLBH,297.6
DLBH,247.56
DLBH,292.92
DLBH,254.52
DLBH,264.36
DLBH,247.32
DLBH,248.88
DLBH,275.28
DLBH,232.8
DLBH,331.32
DLBH,271.08
DLBH,269.16
DLBH,293.28
DLBH,242.28
DLBH,258.36
DLBH,308.64
DLBH,288.84
DLBH,305.28
DLBH,262.44
DLBH,284.04
DLBH,285.0
DLBH,253.56
DLBH,285.0
DLBH,269.88
DLBH,279.0
DLBH,272.16
DLBH,309.36
DLBH,299.28
DLBH,272.88
DLBH,260.16
DLBH,291.0
DLBH,283.92
DLBH,267.96
DLBH,322.2
DLBH,248.88
DLBH,277.32
DLBH,307.44
DLBH,324.72
DLBH,293.64
DLBH,298.2
DLBH,285.84
DLBH,280.92
DLBH,295.56
DLBH,316.68
DLBH,331.92
DLBH,324.96
DLBH,333.72
DLBH,259.8
DLBH,282.12
DLBH,328.56
DLBH,328.2
DLBH,296.28
DLBH,325.08
DLBH,364.68
DLBH,291.72
DLBH,299.64
DLBH,267.72
DLBH,308.88
DLBH,268.56
DLBH,235.68
DLBH,278.64
DLBH,284.52
DLBH,328.32
DLBH,269.04
DLBH,307.92
DLBH,270.36
DLBH,271.92
DLBH,299.52
DLBH,281.52
DLBH,264.24
DLBH,292.8
DLBH,344.88
DLBH,327.36
DLBH,259.56
DLBH,317.76
DLBH,327.36
DLBH,276.72
DLBH,293.4
DLBH,248.28
DLBH,297.72
DLBH,296.52
DLBH,262.44
DLBH,277.2
DLBH,283.8
DLBH,305.28
DLBH,310.08
DLBH,265.92
DLBH,282.36
DLBH,291.96
DLBH,315.6
DLBH,311.76
DLBH,375.96
DLBH,307.92
DLBH,312.6
DLBH,322.56
DLBH,281.4
DLBH,298.2
DLBH,352.92
DLBH,326.52
DLBH,314.28
DLBH,330.48
DLBH,317.88
DLBH,244.68
DLBH,265.8
DLBH,302.64
DLBH,274.8
DLBH,302.76
DLBH,296.16
DLBH,255.96
DLBH,345.48
DLBH,322.92
DLBH,333.72
DLBH,317.88
DLBH,294.48
DLBH,351.36
DLBH,273.48
DLBH,363.12
DLBH,356.4
DLBH,308.64
DLBH,356.04
DLBH,350.16
DLBH,342.36
DLBH,231.84
DLBH,280.8
DLBH,266.16
DLBH,283.44
DLBH,279.0
DLBH,282.0
DLBH,299.76
DLBH,193.68
DLBH,319.8
DLBH,257.52
DLBH,296.88
DLBH,295.44
DLBH,346.44
DLBH,227.04
